year,Region,Site,Rep,Microsite,D1,D2,H,abundance,richness
2016,Mojave,2.5,1,Shrub,1.5,1.4,1.2,16,3
2016,Mojave,2.5,1,Open,,,,15,4
2016,Mojave,2.5,2,Shrub,3.5,2.5,1.5,18,3
2016,Mojave,2.5,2,Open,,,,6,3
2016,Mojave,2.5,3,Shrub,1.8,1.7,1.3,11,4
2016,Mojave,2.5,3,Open,,,,2,1
2016,Mojave,2.5,4,Shrub,2.9,2.8,1.5,11,4
2016,Mojave,2.5,4,Open,,,,2,2
2016,Mojave,2.5,5,Shrub,2.4,2.5,1.5,29,3
2016,Mojave,2.5,5,Open,,,,16,4
2016,Mojave,2.5,6,Shrub,2.9,1.8,1.8,32,4
2016,Mojave,2.5,6,Open,,,,7,4
2016,Mojave,2.5,7,Shrub,1.8,1.7,1.5,31,5
2016,Mojave,2.5,7,Open,,,,3,2
2016,Mojave,2.5,8,Shrub,2.7,2.1,1.4,39,3
2016,Mojave,2.5,8,Open,,,,9,3
2016,Mojave,2.5,9,Shrub,2.3,1.4,1.2,39,4
2016,Mojave,2.5,9,Open,,,,8,2
2016,Mojave,2.5,10,Shrub,2.7,2.8,1.7,25,4
2016,Mojave,2.5,10,Open,,,,0,0
2016,Mojave,2.5,11,Shrub,3.7,1.8,2,47,3
2016,Mojave,2.5,11,Open,,,,1,1
2016,Mojave,2.5,12,Shrub,2.2,1.3,1.2,41,5
2016,Mojave,2.5,12,Open,,,,1,1
2016,Mojave,2.5,13,Shrub,1.8,1.8,1.5,17,4
2016,Mojave,2.5,13,Open,,,,16,4
2016,Mojave,2.5,14,Shrub,1.6,1.4,1.5,23,4
2016,Mojave,2.5,14,Open,,,,10,2
2016,Mojave,2.5,15,Shrub,2.9,1.8,1.5,34,6
2016,Mojave,2.5,15,Open,,,,10,3
2016,Mojave,2.5,16,Shrub,1.2,1.6,1.3,29,5
2016,Mojave,2.5,16,Open,,,,14,3
2016,Mojave,2.5,17,Shrub,1.4,1.4,1.4,29,6
2016,Mojave,2.5,17,Open,,,,3,2
2016,Mojave,2.5,18,Shrub,2.4,3.3,1.5,54,3
2016,Mojave,2.5,18,Open,,,,0,0
2016,Mojave,2.5,19,Shrub,3.4,2.8,1.3,37,5
2016,Mojave,2.5,19,Open,,,,14,3
2016,Mojave,2.5,20,Shrub,1.9,1.8,1.5,35,6
2016,Mojave,2.5,20,Open,,,,18,5
2016,Mojave,2.5,21,Shrub,2.4,3.2,1.2,32,4
2016,Mojave,2.5,21,Open,,,,0,0
2016,Mojave,2.5,22,Shrub,3.2,1.7,1.5,28,6
2016,Mojave,2.5,22,Open,,,,6,2
2016,Mojave,2.5,23,Shrub,1.6,1.9,1.5,18,4
2016,Mojave,2.5,23,Open,,,,18,1
2016,Mojave,2.5,24,Shrub,1.7,1.5,1.6,12,4
2016,Mojave,2.5,24,Open,,,,47,4
2016,Mojave,2.5,25,Shrub,1.8,1.9,1.9,58,4
2016,Mojave,2.5,25,Open,,,,24,3
2016,Mojave,2.5,26,Shrub,1.8,1.8,1,31,3
2016,Mojave,2.5,26,Open,,,,1,1
2016,Mojave,2.5,27,Shrub,2.3,1.9,1.4,26,4
2016,Mojave,2.5,27,Open,,,,7,3
2016,Mojave,2.5,28,Shrub,3,1.7,1.4,44,4
2016,Mojave,2.5,28,Open,,,,8,3
2016,Mojave,2.5,29,Shrub,2.3,2.7,1.2,7,3
2016,Mojave,2.5,29,Open,,,,0,0
2016,Mojave,2.5,30,Shrub,2.8,3.3,1.4,24,3
2016,Mojave,2.5,30,Open,,,,1,1
2016,Mojave,2.4,1,Shrub,3.4,2.5,1.9,30,6
2016,Mojave,2.4,1,Open,,,,8,2
2016,Mojave,2.4,2,Shrub,1.4,1.1,1,12,5
2016,Mojave,2.4,2,Open,,,,31,3
2016,Mojave,2.4,3,Shrub,2.9,1.4,1.4,39,5
2016,Mojave,2.4,3,Open,,,,9,4
2016,Mojave,2.4,4,Shrub,2.1,1.8,1.7,45,7
2016,Mojave,2.4,4,Open,,,,9,4
2016,Mojave,2.4,5,Shrub,1.9,1.7,1.8,27,1
2016,Mojave,2.4,5,Open,,,,0,0
2016,Mojave,2.4,6,Shrub,2.5,1.8,1.4,10,4
2016,Mojave,2.4,6,Open,,,,28,3
2016,Mojave,2.4,7,Shrub,3.3,2.8,1.5,59,5
2016,Mojave,2.4,7,Open,,,,5,2
2016,Mojave,2.4,8,Shrub,2.1,2.3,1.8,55,4
2016,Mojave,2.4,8,Open,,,,9,4
2016,Mojave,2.4,9,Shrub,2.9,2.3,1.2,66,7
2016,Mojave,2.4,9,Open,,,,6,2
2016,Mojave,2.4,10,Shrub,2.5,2.4,2.5,79,5
2016,Mojave,2.4,10,Open,,,,23,4
2016,Mojave,2.4,11,Shrub,3.9,2.4,2.2,47,3
2016,Mojave,2.4,11,Open,,,,9,3
2016,Mojave,2.4,12,Shrub,2.8,2.1,1.4,12,4
2016,Mojave,2.4,12,Open,,,,12,3
2016,Mojave,2.4,13,Shrub,3,2.4,1.5,39,4
2016,Mojave,2.4,13,Open,,,,1,1
2016,Mojave,2.4,14,Shrub,2.9,2.4,1.9,33,7
2016,Mojave,2.4,14,Open,,,,3,2
2016,Mojave,2.4,15,Shrub,3.3,1.7,1.4,50,5
2016,Mojave,2.4,15,Open,,,,13,3
2016,Mojave,2.4,16,Shrub,1.8,1,1.3,80,5
2016,Mojave,2.4,16,Open,,,,12,3
2016,Mojave,2.4,17,Shrub,2.4,1.6,1.2,25,4
2016,Mojave,2.4,17,Open,,,,16,2
2016,Mojave,2.4,18,Shrub,2.9,1.5,1.6,81,1
2016,Mojave,2.4,18,Open,,,,4,2
2016,Mojave,2.4,19,Shrub,2.7,1.8,1.5,78,4
2016,Mojave,2.4,19,Open,,,,7,2
2016,Mojave,2.4,20,Shrub,2.3,2.4,1.5,33,8
2016,Mojave,2.4,20,Open,,,,2,1
2016,Mojave,2.4,21,Shrub,2.6,3.8,1.1,34,6
2016,Mojave,2.4,21,Open,,,,2,2
2016,Mojave,2.4,22,Shrub,3.5,2.5,2.2,45,5
2016,Mojave,2.4,22,Open,,,,5,3
2016,Mojave,2.4,23,Shrub,2.1,2.3,1.4,17,4
2016,Mojave,2.4,23,Open,,,,2,1
2016,Mojave,2.4,24,Shrub,1.6,1.7,1.4,60,5
2016,Mojave,2.4,24,Open,,,,15,4
2016,Mojave,2.4,25,Shrub,3.4,3.1,2.1,91,2
2016,Mojave,2.4,25,Open,,,,0,0
2016,Mojave,2.4,26,Shrub,2.2,2.6,1.2,33,4
2016,Mojave,2.4,26,Open,,,,1,1
2016,Mojave,2.4,27,Shrub,3.2,2.6,1.5,37,4
2016,Mojave,2.4,27,Open,,,,24,2
2016,Mojave,2.4,28,Shrub,2.9,2.2,1.3,0,0
2016,Mojave,2.4,28,Open,,,,18,2
2016,Mojave,2.4,29,Shrub,3.7,3.8,1.5,15,4
2016,Mojave,2.4,29,Open,,,,4,2
2016,Mojave,2.4,30,Shrub,3.8,3.7,1.8,14,5
2016,Mojave,2.4,30,Open,,,,13,2
2016,Mojave,2.3,1,Shrub,2.2,1.8,1.6,57,1
2016,Mojave,2.3,1,Open,,,,10,2
2016,Mojave,2.3,2,Shrub,2.5,2.5,1.3,50,2
2016,Mojave,2.3,2,Open,,,,27,3
2016,Mojave,2.3,3,Shrub,1.4,1.5,1.4,31,4
2016,Mojave,2.3,3,Open,,,,9,3
2016,Mojave,2.3,4,Shrub,3.2,1.9,1.2,39,3
2016,Mojave,2.3,4,Open,,,,4,3
2016,Mojave,2.3,5,Shrub,1.4,1.9,1.2,27,2
2016,Mojave,2.3,5,Open,,,,0,0
2016,Mojave,2.3,6,Shrub,1.7,1.6,1.1,3,1
2016,Mojave,2.3,6,Open,,,,0,0
2016,Mojave,2.3,7,Shrub,1,0.9,0.6,10,3
2016,Mojave,2.3,7,Open,,,,5,3
2016,Mojave,2.3,8,Shrub,2.2,1.4,1.3,55,5
2016,Mojave,2.3,8,Open,,,,5,3
2016,Mojave,2.3,9,Shrub,2.2,1.8,1.1,33,3
2016,Mojave,2.3,9,Open,,,,0,0
2016,Mojave,2.3,10,Shrub,2.8,0.6,1.6,1,1
2016,Mojave,2.3,10,Open,,,,1,1
2016,Mojave,2.3,11,Shrub,2.6,2,1.5,54,3
2016,Mojave,2.3,11,Open,,,,3,1
2016,Mojave,2.3,12,Shrub,1.5,1.4,1.4,43,2
2016,Mojave,2.3,12,Open,,,,2,2
2016,Mojave,2.3,13,Shrub,1.9,2.1,1.1,34,2
2016,Mojave,2.3,13,Open,,,,9,2
2016,Mojave,2.3,14,Shrub,1.2,1.3,1.2,27,4
2016,Mojave,2.3,14,Open,,,,7,3
2016,Mojave,2.3,15,Shrub,1.6,1.7,1.2,4,2
2016,Mojave,2.3,15,Open,,,,19,2
2016,Mojave,2.3,16,Shrub,2.2,2.1,1.5,40,2
2016,Mojave,2.3,16,Open,,,,28,3
2016,Mojave,2.3,17,Shrub,2.7,2.8,1.6,61,3
2016,Mojave,2.3,17,Open,,,,31,3
2016,Mojave,2.3,18,Shrub,2.6,1.5,1.2,67,3
2016,Mojave,2.3,18,Open,,,,22,4
2016,Mojave,2.3,19,Shrub,2.9,2.9,1.6,33,3
2016,Mojave,2.3,19,Open,,,,16,4
2016,Mojave,2.3,20,Shrub,2,2,1.7,40,2
2016,Mojave,2.3,20,Open,,,,27,4
2016,Mojave,2.3,21,Shrub,2.2,2,1.5,50,5
2016,Mojave,2.3,21,Open,,,,36,3
2016,Mojave,2.3,22,Shrub,2.2,2,1.3,40,2
2016,Mojave,2.3,22,Open,,,,34,2
2016,Mojave,2.3,23,Shrub,2.7,2.8,1.4,25,3
2016,Mojave,2.3,23,Open,,,,0,0
2016,Mojave,2.3,24,Shrub,2.8,2.9,1.9,57,4
2016,Mojave,2.3,24,Open,,,,27,4
2016,Mojave,2.3,25,Shrub,0.9,1,1.4,43,3
2016,Mojave,2.3,25,Open,,,,22,5
2016,Mojave,2.3,26,Shrub,2.5,2.8,1.6,31,5
2016,Mojave,2.3,26,Open,,,,6,4
2016,Mojave,2.3,27,Shrub,2.2,1.8,1.1,16,1
2016,Mojave,2.3,27,Open,,,,0,0
2016,Mojave,2.3,28,Shrub,1.8,1.7,1,35,4
2016,Mojave,2.3,28,Open,,,,0,0
2016,Mojave,2.3,29,Shrub,2.2,1.8,1.4,38,2
2016,Mojave,2.3,29,Open,,,,0,0
2016,Mojave,2.3,30,Shrub,2.9,1,1.3,0,0
2016,Mojave,2.3,30,Open,,,,0,0
2016,Mojave,2.2,1,Shrub,2,1.3,1.2,25,3
2016,Mojave,2.2,1,Open,,,,10,3
2016,Mojave,2.2,2,Shrub,1.3,1.4,1.1,12,5
2016,Mojave,2.2,2,Open,,,,19,4
2016,Mojave,2.2,3,Shrub,2.2,1.4,1.2,27,5
2016,Mojave,2.2,3,Open,,,,2,2
2016,Mojave,2.2,4,Shrub,1.9,1.9,1.6,16,3
2016,Mojave,2.2,4,Open,,,,4,3
2016,Mojave,2.2,5,Shrub,2,1.4,1.5,29,4
2016,Mojave,2.2,5,Open,,,,8,3
2016,Mojave,2.2,6,Shrub,1.5,1.5,1.1,17,4
2016,Mojave,2.2,6,Open,,,,8,3
2016,Mojave,2.2,7,Shrub,1.4,1.4,1.1,20,4
2016,Mojave,2.2,7,Open,,,,10,4
2016,Mojave,2.2,8,Shrub,1.7,1.1,1.4,16,4
2016,Mojave,2.2,8,Open,,,,6,2
2016,Mojave,2.2,9,Shrub,2,2,1.5,22,2
2016,Mojave,2.2,9,Open,,,,4,2
2016,Mojave,2.2,10,Shrub,2.3,2.5,1.4,21,4
2016,Mojave,2.2,10,Open,,,,14,5
2016,Mojave,2.2,11,Shrub,1.7,2.1,1.5,32,5
2016,Mojave,2.2,11,Open,,,,3,3
2016,Mojave,2.2,12,Shrub,2.3,2.4,1.4,16,3
2016,Mojave,2.2,12,Open,,,,10,4
2016,Mojave,2.2,13,Shrub,2.3,2.1,1.6,27,3
2016,Mojave,2.2,13,Open,,,,4,2
2016,Mojave,2.2,14,Shrub,3,2.4,1.5,27,4
2016,Mojave,2.2,14,Open,,,,1,1
2016,Mojave,2.2,15,Shrub,2.8,3,2.1,16,4
2016,Mojave,2.2,15,Open,,,,0,0
2016,Mojave,2.2,16,Shrub,1.8,1.9,1.4,21,3
2016,Mojave,2.2,16,Open,,,,5,3
2016,Mojave,2.2,17,Shrub,2,2,1.7,11,4
2016,Mojave,2.2,17,Open,,,,6,3
2016,Mojave,2.2,18,Shrub,1.1,1.2,1.1,10,3
2016,Mojave,2.2,18,Open,,,,5,3
2016,Mojave,2.2,19,Shrub,1.5,1.4,1.4,10,4
2016,Mojave,2.2,19,Open,,,,3,2
2016,Mojave,2.2,20,Shrub,1.9,1.9,1.5,32,4
2016,Mojave,2.2,20,Open,,,,6,3
2016,Mojave,2.2,21,Shrub,2,1.9,1.4,17,3
2016,Mojave,2.2,21,Open,,,,5,2
2016,Mojave,2.2,22,Shrub,1.1,1.1,1.2,17,5
2016,Mojave,2.2,22,Open,,,,13,5
2016,Mojave,2.2,23,Shrub,1.3,1.4,1.6,22,4
2016,Mojave,2.2,23,Open,,,,13,5
2016,Mojave,2.2,24,Shrub,1.9,1.4,1.7,28,3
2016,Mojave,2.2,24,Open,,,,5,3
2016,Mojave,2.2,25,Shrub,2.2,1.9,1.3,16,4
2016,Mojave,2.2,25,Open,,,,0,0
2016,Mojave,2.2,26,Shrub,1.2,1.4,1.2,33,4
2016,Mojave,2.2,26,Open,,,,6,3
2016,Mojave,2.2,27,Shrub,2.4,2.8,1.8,46,3
2016,Mojave,2.2,27,Open,,,,3,1
2016,Mojave,2.2,28,Shrub,2.6,2.5,1.4,24,3
2016,Mojave,2.2,28,Open,,,,2,1
2016,Mojave,2.2,29,Shrub,1.5,1.4,1.5,34,3
2016,Mojave,2.2,29,Open,,,,3,2
2016,Mojave,2.2,30,Shrub,2.5,2.4,1.6,9,2
2016,Mojave,2.2,30,Open,,,,6,3
2016,Mojave,2.1,1,Shrub,2,1.8,1.2,11,4
2016,Mojave,2.1,1,Open,,,,1,1
2016,Mojave,2.1,2,Shrub,1.4,2.1,1.1,6,4
2016,Mojave,2.1,2,Open,,,,3,2
2016,Mojave,2.1,3,Shrub,1.5,1.6,1.2,2,1
2016,Mojave,2.1,3,Open,,,,5,4
2016,Mojave,2.1,4,Shrub,1.7,1.7,1.2,6,3
2016,Mojave,2.1,4,Open,,,,2,2
2016,Mojave,2.1,5,Shrub,1.9,1.4,1.4,3,1
2016,Mojave,2.1,5,Open,,,,4,3
2016,Mojave,2.1,6,Shrub,1.2,1,0.9,3,2
2016,Mojave,2.1,6,Open,,,,1,1
2016,Mojave,2.1,7,Shrub,1.3,1.5,1.3,2,2
2016,Mojave,2.1,7,Open,,,,4,2
2016,Mojave,2.1,8,Shrub,1.4,1.4,1.2,6,2
2016,Mojave,2.1,8,Open,,,,6,1
2016,Mojave,2.1,9,Shrub,1.3,1.2,1.4,2,1
2016,Mojave,2.1,9,Open,,,,7,2
2016,Mojave,2.1,10,Shrub,1.4,1.3,1.4,10,3
2016,Mojave,2.1,10,Open,,,,7,3
2016,Mojave,2.1,11,Shrub,1.8,1.6,1.4,1,1
2016,Mojave,2.1,11,Open,,,,1,1
2016,Mojave,2.1,12,Shrub,1.5,1.4,1.3,5,2
2016,Mojave,2.1,12,Open,,,,51,2
2016,Mojave,2.1,13,Shrub,1.8,1.7,1.4,1,1
2016,Mojave,2.1,13,Open,,,,6,3
2016,Mojave,2.1,14,Shrub,1.4,1.5,1.1,4,2
2016,Mojave,2.1,14,Open,,,,15,3
2016,Mojave,2.1,15,Shrub,1.1,0.9,1.1,6,2
2016,Mojave,2.1,15,Open,,,,6,3
2016,Mojave,2.1,16,Shrub,1,1,0.9,2,2
2016,Mojave,2.1,16,Open,,,,8,2
2016,Mojave,2.1,17,Shrub,1.9,1.9,1.7,1,1
2016,Mojave,2.1,17,Open,,,,7,3
2016,Mojave,2.1,18,Shrub,1.5,1.9,1.7,11,2
2016,Mojave,2.1,18,Open,,,,8,2
2016,Mojave,2.1,19,Shrub,1.3,1.5,1.7,10,2
2016,Mojave,2.1,19,Open,,,,10,2
2016,Mojave,2.1,20,Shrub,2,2.1,1.4,2,2
2016,Mojave,2.1,20,Open,,,,3,3
2016,Mojave,2.1,21,Shrub,1.6,1.8,1.4,2,2
2016,Mojave,2.1,21,Open,,,,2,1
2016,Mojave,2.1,22,Shrub,2,1.5,1.3,4,2
2016,Mojave,2.1,22,Open,,,,44,2
2016,Mojave,2.1,23,Shrub,1,1.1,1.6,1,1
2016,Mojave,2.1,23,Open,,,,10,3
2016,Mojave,2.1,24,Shrub,0.8,1,1,9,3
2016,Mojave,2.1,24,Open,,,,10,3
2016,Mojave,2.1,25,Shrub,1.4,0.8,0.9,9,3
2016,Mojave,2.1,25,Open,,,,6,1
2016,Mojave,2.1,26,Shrub,0.7,0.8,1.2,16,2
2016,Mojave,2.1,26,Open,,,,17,3
2016,Mojave,2.1,27,Shrub,1.2,1.3,1.1,1,1
2016,Mojave,2.1,27,Open,,,,8,2
2016,Mojave,2.1,28,Shrub,2.2,2.3,1.7,2,2
2016,Mojave,2.1,28,Open,,,,1,1
2016,Mojave,2.1,29,Shrub,1.3,1.6,1.4,2,2
2016,Mojave,2.1,29,Open,,,,11,3
2016,Mojave,2.1,30,Shrub,1,1.1,1.4,12,3
2016,Mojave,2.1,30,Open,,,,5,2
2016,Panoche,1.3,1,Shrub,3.77,2.38,1.59,263,1
2016,Panoche,1.3,1,Open,,,,106,4
2016,Panoche,1.3,2,Shrub,3.22,2.38,1.84,276,1
2016,Panoche,1.3,2,Open,,,,245,3
2016,Panoche,1.3,3,Shrub,1.95,1.3,0.59,217,1
2016,Panoche,1.3,3,Open,,,,175,4
2016,Panoche,1.3,4,Shrub,4.21,4.39,1.71,283,1
2016,Panoche,1.3,4,Open,,,,214,2
2016,Panoche,1.3,5,Shrub,3.41,3.17,1.55,241,1
2016,Panoche,1.3,5,Open,,,,233,3
2016,Panoche,1.3,6,Shrub,2.07,3.2,0.76,250,1
2016,Panoche,1.3,6,Open,,,,206,4
2016,Panoche,1.3,7,Shrub,4.78,6.03,2.25,277,1
2016,Panoche,1.3,7,Open,,,,243,2
2016,Panoche,1.3,8,Shrub,5.76,5.43,2.16,289,1
2016,Panoche,1.3,8,Open,,,,229,2
2016,Panoche,1.3,9,Shrub,2.55,2.27,0.98,245,2
2016,Panoche,1.3,9,Open,,,,145,3
2016,Panoche,1.3,10,Shrub,2.4,2.72,1.04,223,2
2016,Panoche,1.3,10,Open,,,,138,3
2016,Panoche,1.3,11,Shrub,2.9,3.17,1.51,204,2
2016,Panoche,1.3,11,Open,,,,171,4
2016,Panoche,1.3,12,Shrub,1.66,3.1,0.8,215,1
2016,Panoche,1.3,12,Open,,,,188,4
2016,Panoche,1.3,13,Shrub,2.83,3.68,1.63,212,1
2016,Panoche,1.3,13,Open,,,,212,3
2016,Panoche,1.3,14,Shrub,3.02,3.23,1.74,182,2
2016,Panoche,1.3,14,Open,,,,177,3
2016,Panoche,1.3,15,Shrub,4.15,3.51,1.85,254,1
2016,Panoche,1.3,15,Open,,,,117,4
2016,Panoche,1.3,16,Shrub,2.99,2.84,1.9,158,2
2016,Panoche,1.3,16,Open,,,,203,3
2016,Panoche,1.3,17,Shrub,1.65,1.77,1.37,270,1
2016,Panoche,1.3,17,Open,,,,194,3
2016,Panoche,1.3,18,Shrub,3.99,4.08,1.6,254,1
2016,Panoche,1.3,18,Open,,,,182,3
2016,Panoche,1.3,19,Shrub,1.65,1.16,0.62,241,1
2016,Panoche,1.3,19,Open,,,,183,4
2016,Panoche,1.3,20,Shrub,3.43,2.73,1.83,268,1
2016,Panoche,1.3,20,Open,,,,113,4
2016,Panoche,1.3,21,Shrub,4.11,3.28,1.95,267,1
2016,Panoche,1.3,21,Open,,,,123,4
2016,Panoche,1.3,22,Shrub,3.97,2.23,1.35,286,1
2016,Panoche,1.3,22,Open,,,,195,3
2016,Panoche,1.3,23,Shrub,3.28,2.85,1.75,225,2
2016,Panoche,1.3,23,Open,,,,184,4
2016,Panoche,1.3,24,Shrub,2.64,2.26,1.9,312,1
2016,Panoche,1.3,24,Open,,,,260,3
2016,Panoche,1.3,25,Shrub,3.34,2.35,1.48,286,1
2016,Panoche,1.3,25,Open,,,,173,3
2016,Panoche,1.3,26,Shrub,2.47,2.91,1.67,222,1
2016,Panoche,1.3,26,Open,,,,188,2
2016,Panoche,1.3,27,Shrub,4.07,4.9,1.66,246,1
2016,Panoche,1.3,27,Open,,,,177,3
2016,Panoche,1.3,28,Shrub,4.42,4.17,1.85,334,1
2016,Panoche,1.3,28,Open,,,,244,2
2016,Panoche,1.3,29,Shrub,1.72,2,1.19,278,1
2016,Panoche,1.3,29,Open,,,,185,3
2016,Panoche,1.3,30,Shrub,2.42,2.47,1.4,268,1
2016,Panoche,1.3,30,Open,,,,218,2
2016,Panoche,1.2,1,Shrub,2.08,2.66,1.09,272,3
2016,Panoche,1.2,1,Open,,,,68,4
2016,Panoche,1.2,2,Shrub,2.76,2.7,1.26,154,3
2016,Panoche,1.2,2,Open,,,,54,4
2016,Panoche,1.2,3,Shrub,1.59,1.29,1,192,3
2016,Panoche,1.2,3,Open,,,,79,4
2016,Panoche,1.2,4,Shrub,2.68,2.33,1.16,216,1
2016,Panoche,1.2,4,Open,,,,70,4
2016,Panoche,1.2,5,Shrub,1.86,2,1.34,118,1
2016,Panoche,1.2,5,Open,,,,64,5
2016,Panoche,1.2,6,Shrub,2.59,2.76,1.43,118,4
2016,Panoche,1.2,6,Open,,,,76,6
2016,Panoche,1.2,7,Shrub,2.82,3.11,1.26,192,1
2016,Panoche,1.2,7,Open,,,,82,5
2016,Panoche,1.2,8,Shrub,2.64,2.85,1.34,241,1
2016,Panoche,1.2,8,Open,,,,81,5
2016,Panoche,1.2,9,Shrub,2.01,1.94,1.16,186,1
2016,Panoche,1.2,9,Open,,,,88,5
2016,Panoche,1.2,10,Shrub,1.97,2.06,1.01,216,1
2016,Panoche,1.2,10,Open,,,,86,5
2016,Panoche,1.2,11,Shrub,2.7,3.2,1.14,92,1
2016,Panoche,1.2,11,Open,,,,105,4
2016,Panoche,1.2,12,Shrub,2.1,2.26,1.16,98,4
2016,Panoche,1.2,12,Open,,,,74,6
2016,Panoche,1.2,13,Shrub,1.97,2.28,1.29,100,1
2016,Panoche,1.2,13,Open,,,,67,5
2016,Panoche,1.2,14,Shrub,2.41,2.33,0.64,123,3
2016,Panoche,1.2,14,Open,,,,78,4
2016,Panoche,1.2,15,Shrub,2.55,3.21,1.21,181,1
2016,Panoche,1.2,15,Open,,,,78,3
2016,Panoche,1.2,16,Shrub,1.98,2.14,0.53,116,3
2016,Panoche,1.2,16,Open,,,,82,4
2016,Panoche,1.2,17,Shrub,2.44,1.98,1.02,155,2
2016,Panoche,1.2,17,Open,,,,138,5
2016,Panoche,1.2,18,Shrub,2.04,1.97,0.98,167,3
2016,Panoche,1.2,18,Open,,,,41,5
2016,Panoche,1.2,19,Shrub,1.75,1.55,0.97,178,3
2016,Panoche,1.2,19,Open,,,,80,4
2016,Panoche,1.2,20,Shrub,2.39,2.8,1.04,245,3
2016,Panoche,1.2,20,Open,,,,67,4
2016,Panoche,1.2,21,Shrub,2.38,3.28,1.25,211,1
2016,Panoche,1.2,21,Open,,,,86,3
2016,Panoche,1.2,22,Shrub,1.22,2.14,1.11,172,4
2016,Panoche,1.2,22,Open,,,,81,5
2016,Panoche,1.2,23,Shrub,2.19,3.01,1.35,87,1
2016,Panoche,1.2,23,Open,,,,110,4
2016,Panoche,1.2,24,Shrub,3.31,2.48,1.05,152,3
2016,Panoche,1.2,24,Open,,,,49,4
2016,Panoche,1.2,25,Shrub,1.33,2.33,0.94,177,4
2016,Panoche,1.2,25,Open,,,,82,5
2016,Panoche,1.2,26,Shrub,1.61,1.4,0.89,225,1
2016,Panoche,1.2,26,Open,,,,124,5
2016,Panoche,1.2,27,Shrub,1.88,1.79,1,186,3
2016,Panoche,1.2,27,Open,,,,38,5
2016,Panoche,1.2,28,Shrub,2.2,1.98,1.28,229,1
2016,Panoche,1.2,28,Open,,,,70,4
2016,Panoche,1.2,29,Shrub,2.32,1.64,1.09,143,2
2016,Panoche,1.2,29,Open,,,,143,5
2016,Panoche,1.2,30,Shrub,1.39,1.4,0.82,230,1
2016,Panoche,1.2,30,Open,,,,125,5
2016,Panoche,1.1,1,Shrub,3.1496,3.5814,1.38,139,3
2016,Panoche,1.1,1,Open,,,,148,3
2016,Panoche,1.1,2,Shrub,1.778,1.7018,0.89,241,3
2016,Panoche,1.1,2,Open,,,,203,2
2016,Panoche,1.1,3,Shrub,4.2672,3.5306,1.88,283,4
2016,Panoche,1.1,3,Open,,,,153,3
2016,Panoche,1.1,4,Shrub,4.0386,3.9624,1.49,201,2
2016,Panoche,1.1,4,Open,,,,363,2
2016,Panoche,1.1,5,Shrub,3.94,4.24,1.88,134,3
2016,Panoche,1.1,5,Open,,,,309,2
2016,Panoche,1.1,6,Shrub,4.3434,5.2832,2.15,205,3
2016,Panoche,1.1,6,Open,,,,286,2
2016,Panoche,1.1,7,Shrub,5.2324,4.064,1.83,132,2
2016,Panoche,1.1,7,Open,,,,311,2
2016,Panoche,1.1,8,Shrub,1.94,1.41,0.99,296,3
2016,Panoche,1.1,8,Open,,,,68,3
2016,Panoche,1.1,9,Shrub,4.17,4.37,1.54,156,3
2016,Panoche,1.1,9,Open,,,,213,2
2016,Panoche,1.1,10,Shrub,4.62,4.26,1.53,100,3
2016,Panoche,1.1,10,Open,,,,134,2
2016,Panoche,1.1,11,Shrub,5.27,4.5,1.73,200,2
2016,Panoche,1.1,11,Open,,,,156,2
2016,Panoche,1.1,12,Shrub,5.2,4.89,1.57,148,2
2016,Panoche,1.1,12,Open,,,,219,2
2016,Panoche,1.1,13,Shrub,0.8,6.28,1.73,120,2
2016,Panoche,1.1,13,Open,,,,271,3
2016,Panoche,1.1,14,Shrub,4.67,3.6,1.89,162,3
2016,Panoche,1.1,14,Open,,,,85,2
2016,Panoche,1.1,15,Shrub,4.2,3.62,2.2,118,3
2016,Panoche,1.1,15,Open,,,,278,2
2016,Panoche,1.1,16,Shrub,4.68,3.72,1.64,248,3
2016,Panoche,1.1,16,Open,,,,242,4
2016,Panoche,1.1,17,Shrub,3.31,3.26,1.32,229,4
2016,Panoche,1.1,17,Open,,,,95,2
2016,Panoche,1.1,18,Shrub,4.88,3.13,1.75,38,2
2016,Panoche,1.1,18,Open,,,,262,2
2016,Panoche,1.1,19,Shrub,4.63,3.45,2.2,84,3
2016,Panoche,1.1,19,Open,,,,114,2
2016,Panoche,1.1,20,Shrub,2.84,2.2,1.26,200,2
2016,Panoche,1.1,20,Open,,,,243,2
2016,Panoche,1.1,21,Shrub,3.52,2.64,1.46,63,3
2016,Panoche,1.1,21,Open,,,,292,3
2016,Panoche,1.1,22,Shrub,3.2,3.5,1.6,119,3
2016,Panoche,1.1,22,Open,,,,270,3
2016,Panoche,1.1,23,Shrub,3.94,2.98,1.42,122,3
2016,Panoche,1.1,23,Open,,,,255,3
2016,Panoche,1.1,24,Shrub,3.48,2.54,1.63,222,2
2016,Panoche,1.1,24,Open,,,,166,3
2016,Panoche,1.1,25,Shrub,3.7,3.2,1.14,60,3
2016,Panoche,1.1,25,Open,,,,169,3
2016,Panoche,1.1,26,Shrub,1.54,1.2,0.72,169,4
2016,Panoche,1.1,26,Open,,,,264,3
2016,Panoche,1.1,27,Shrub,2.77,2.66,1.47,163,3
2016,Panoche,1.1,27,Open,,,,266,2
2016,Panoche,1.1,28,Shrub,3.76,2.32,1.12,116,2
2016,Panoche,1.1,28,Open,,,,210,2
2016,Panoche,1.1,29,Shrub,2.12,2.04,0.77,109,4
2016,Panoche,1.1,29,Open,,,,126,3
2016,Panoche,1.1,30,Shrub,3.49,3.37,1.56,84,2
2016,Panoche,1.1,30,Open,,,,202,3
2015,Mojave,2.5,1,Shrub,1.18,1.02,1.16,13,3
2015,Mojave,2.5,1,Open,,,,0,0
2015,Mojave,2.5,2,Shrub,2.84,2.34,2.43,29,4
2015,Mojave,2.5,2,Open,,,,1,1
2015,Mojave,2.5,3,Shrub,0.76,0.79,0.81,15,3
2015,Mojave,2.5,3,Open,,,,3,1
2015,Mojave,2.5,4,Shrub,3.84,3.34,1.96,19,1
2015,Mojave,2.5,4,Open,,,,3,2
2015,Mojave,2.5,5,Shrub,4.82,1.88,1.86,27,4
2015,Mojave,2.5,5,Open,,,,10,4
2015,Mojave,2.5,6,Shrub,3.48,2.53,1.56,51,2
2015,Mojave,2.5,6,Open,,,,0,0
2015,Mojave,2.5,7,Shrub,2.87,2.31,1.17,37,2
2015,Mojave,2.5,7,Open,,,,4,3
2015,Mojave,2.5,8,Shrub,2.55,3.32,1.74,20,3
2015,Mojave,2.5,8,Open,,,,0,0
2015,Mojave,2.5,9,Shrub,1.97,1.66,1.45,38,3
2015,Mojave,2.5,9,Open,,,,1,1
2015,Mojave,2.5,10,Shrub,1.23,1.09,0.89,41,6
2015,Mojave,2.5,10,Open,,,,0,0
2015,Mojave,2.5,11,Shrub,2.79,2.98,1.52,33,2
2015,Mojave,2.5,11,Open,,,,2,2
2015,Mojave,2.5,12,Shrub,2.12,1.63,1.36,45,2
2015,Mojave,2.5,12,Open,,,,0,0
2015,Mojave,2.5,13,Shrub,2.58,2.57,1.62,30,1
2015,Mojave,2.5,13,Open,,,,1,1
2015,Mojave,2.5,14,Shrub,2.48,2.14,1.63,24,3
2015,Mojave,2.5,14,Open,,,,0,0
2015,Mojave,2.5,15,Shrub,2.22,2.36,1.66,14,4
2015,Mojave,2.5,15,Open,,,,0,0
2015,Mojave,2.4,1,Shrub,2.17,1.7,1.93,27,5
2015,Mojave,2.4,1,Open,,,,0,0
2015,Mojave,2.4,2,Shrub,3.26,2.45,1.32,61,6
2015,Mojave,2.4,2,Open,,,,1,1
2015,Mojave,2.4,3,Shrub,4.16,3.87,2.56,63,5
2015,Mojave,2.4,3,Open,,,,33,5
2015,Mojave,2.4,4,Shrub,2.3,2.03,1.13,43,5
2015,Mojave,2.4,4,Open,,,,2,1
2015,Mojave,2.4,5,Shrub,2.49,2.38,1.86,57,5
2015,Mojave,2.4,5,Open,,,,24,3
2015,Mojave,2.4,6,Shrub,4.03,4.35,1.96,103,3
2015,Mojave,2.4,6,Open,,,,0,0
2015,Mojave,2.4,7,Shrub,1.87,2.05,1.88,42,6
2015,Mojave,2.4,7,Open,,,,27,1
2015,Mojave,2.4,8,Shrub,4.92,3.54,2.22,65,4
2015,Mojave,2.4,8,Open,,,,2,2
2015,Mojave,2.4,9,Shrub,1.03,1,0.86,3,3
2015,Mojave,2.4,9,Open,,,,1,1
2015,Mojave,2.4,10,Shrub,3.78,5.17,2.97,51,4
2015,Mojave,2.4,10,Open,,,,22,5
2015,Mojave,2.4,11,Shrub,2.97,2.38,1.72,59,4
2015,Mojave,2.4,11,Open,,,,4,3
2015,Mojave,2.4,12,Shrub,2.11,1.59,1.02,52,5
2015,Mojave,2.4,12,Open,,,,0,0
2015,Mojave,2.4,13,Shrub,2.72,2.15,1.61,33,4
2015,Mojave,2.4,13,Open,,,,11,4
2015,Mojave,2.4,14,Shrub,2.23,3.36,1.63,41,6
2015,Mojave,2.4,14,Open,,,,44,1
2015,Mojave,2.4,15,Shrub,1.94,2.36,1.65,38,5
2015,Mojave,2.4,15,Open,,,,25,5
2015,Mojave,2.3,1,Shrub,1.69,1.57,1.63,5,2
2015,Mojave,2.3,1,Open,,,,0,0
2015,Mojave,2.3,2,Shrub,2.54,1.84,1.68,5,3
2015,Mojave,2.3,2,Open,,,,0,0
2015,Mojave,2.3,3,Shrub,1.85,1.03,0.7,10,3
2015,Mojave,2.3,3,Open,,,,0,0
2015,Mojave,2.3,4,Shrub,1.18,0.94,1.34,14,3
2015,Mojave,2.3,4,Open,,,,1,1
2015,Mojave,2.3,5,Shrub,0.69,0.56,0.57,0,0
2015,Mojave,2.3,5,Open,,,,0,0
2015,Mojave,2.3,6,Shrub,1.07,1.12,0.86,29,4
2015,Mojave,2.3,6,Open,,,,0,0
2015,Mojave,2.3,7,Shrub,0.74,0.42,0.51,28,4
2015,Mojave,2.3,7,Open,,,,8,4
2015,Mojave,2.3,8,Shrub,1.14,0.88,0.68,12,6
2015,Mojave,2.3,8,Open,,,,0,0
2015,Mojave,2.3,9,Shrub,3.25,2.82,2.04,12,3
2015,Mojave,2.3,9,Open,,,,5,3
2015,Mojave,2.3,10,Shrub,1.76,1.82,1.31,16,3
2015,Mojave,2.3,10,Open,,,,0,0
2015,Mojave,2.3,11,Shrub,2.24,1.83,1.49,27,3
2015,Mojave,2.3,11,Open,,,,8,3
2015,Mojave,2.3,12,Shrub,0.79,0.87,0.76,7,2
2015,Mojave,2.3,12,Open,,,,0,0
2015,Mojave,2.3,13,Shrub,1.84,1.34,1.35,16,3
2015,Mojave,2.3,13,Open,,,,2,2
2015,Mojave,2.3,14,Shrub,2.83,2.51,1.98,15,3
2015,Mojave,2.3,14,Open,,,,3,2
2015,Mojave,2.3,15,Shrub,4.35,3.96,1.89,104,2
2015,Mojave,2.3,15,Open,,,,35,3
2015,Mojave,2.2,1,Shrub,1.26,1.28,0.74,8,1
2015,Mojave,2.2,1,Open,,,,13,3
2015,Mojave,2.2,2,Shrub,1.87,1.66,0.89,13,1
2015,Mojave,2.2,2,Open,,,,2,2
2015,Mojave,2.2,3,Shrub,0.85,0.73,1.09,15,2
2015,Mojave,2.2,3,Open,,,,4,2
2015,Mojave,2.2,4,Shrub,2.08,2.72,1.47,19,2
2015,Mojave,2.2,4,Open,,,,4,2
2015,Mojave,2.2,5,Shrub,1.92,2.07,1.46,11,1
2015,Mojave,2.2,5,Open,,,,1,1
2015,Mojave,2.2,6,Shrub,2.44,1.05,0.94,15,2
2015,Mojave,2.2,6,Open,,,,0,0
2015,Mojave,2.2,7,Shrub,1.33,1.26,1.27,11,3
2015,Mojave,2.2,7,Open,,,,0,0
2015,Mojave,2.2,8,Shrub,1.39,1.46,0.88,20,2
2015,Mojave,2.2,8,Open,,,,8,2
2015,Mojave,2.2,9,Shrub,1.14,1.18,0.68,8,1
2015,Mojave,2.2,9,Open,,,,17,2
2015,Mojave,2.2,10,Shrub,1.28,1.22,0.88,24,3
2015,Mojave,2.2,10,Open,,,,0,0
2015,Mojave,2.2,11,Shrub,1.45,1.75,1.05,10,2
2015,Mojave,2.2,11,Open,,,,9,3
2015,Mojave,2.2,12,Shrub,1.72,1.19,1.08,21,3
2015,Mojave,2.2,12,Open,,,,9,3
2015,Mojave,2.2,13,Shrub,1.81,1.37,1.06,21,3
2015,Mojave,2.2,13,Open,,,,6,1
2015,Mojave,2.2,14,Shrub,1.36,1.1,1.34,13,2
2015,Mojave,2.2,14,Open,,,,6,2
2015,Mojave,2.2,15,Shrub,1.64,1.73,1.03,25,2
2015,Mojave,2.2,15,Open,,,,16,3
2015,Mojave,2.1,1,Shrub,2.35,1.93,1.38,5,2
2015,Mojave,2.1,1,Open,,,,5,2
2015,Mojave,2.1,2,Shrub,2.91,2.76,2.07,0,0
2015,Mojave,2.1,2,Open,,,,13,4
2015,Mojave,2.1,3,Shrub,2.02,1.74,1.35,20,1
2015,Mojave,2.1,3,Open,,,,22,2
2015,Mojave,2.1,4,Shrub,1.25,1.05,0.84,8,3
2015,Mojave,2.1,4,Open,,,,16,4
2015,Mojave,2.1,5,Shrub,1.27,1.48,1.22,8,2
2015,Mojave,2.1,5,Open,,,,12,3
2015,Mojave,2.1,6,Shrub,1.46,1.28,0.98,3,2
2015,Mojave,2.1,6,Open,,,,3,1
2015,Mojave,2.1,7,Shrub,1.12,1.19,0.88,39,2
2015,Mojave,2.1,7,Open,,,,6,2
2015,Mojave,2.1,8,Shrub,1.63,1.88,1.06,32,2
2015,Mojave,2.1,8,Open,,,,18,2
2015,Mojave,2.1,9,Shrub,1.48,1.41,0.92,7,3
2015,Mojave,2.1,9,Open,,,,5,2
2015,Mojave,2.1,10,Shrub,2.34,2.36,1.45,10,2
2015,Mojave,2.1,10,Open,,,,2,1
2015,Mojave,2.1,11,Shrub,1.01,0.68,0.91,7,3
2015,Mojave,2.1,11,Open,,,,0,0
2015,Mojave,2.1,12,Shrub,0.73,0.93,1.28,9,2
2015,Mojave,2.1,12,Open,,,,5,2
2015,Mojave,2.1,13,Shrub,0.44,0.63,0.62,2,1
2015,Mojave,2.1,13,Open,,,,6,3
2015,Mojave,2.1,14,Shrub,3.14,2.34,1.66,0,0
2015,Mojave,2.1,14,Open,,,,4,2
2015,Mojave,2.1,15,Shrub,0.44,0.39,0.48,8,2
2015,Mojave,2.1,15,Open,,,,3,2
2015,Panoche,1.3,1,Shrub,4.11,3.28,1.95,247,2
2015,Panoche,1.3,1,Open,,,,256,3
2015,Panoche,1.3,2,Shrub,2.9,3.17,1.51,141,2
2015,Panoche,1.3,2,Open,,,,170,3
2015,Panoche,1.3,3,Shrub,3.22,2.38,1.84,263,2
2015,Panoche,1.3,3,Open,,,,126,4
2015,Panoche,1.3,4,Shrub,1.65,1.77,1.37,126,3
2015,Panoche,1.3,4,Open,,,,175,1
2015,Panoche,1.3,5,Shrub,3.34,2.35,1.48,182,2
2015,Panoche,1.3,5,Open,,,,136,2
2015,Panoche,1.3,6,Shrub,3.02,3.23,1.74,257,3
2015,Panoche,1.3,6,Open,,,,96,1
2015,Panoche,1.3,7,Shrub,3.99,4.08,1.6,204,1
2015,Panoche,1.3,7,Open,,,,152,2
2015,Panoche,1.3,8,Shrub,2.42,2.47,1.4,184,2
2015,Panoche,1.3,8,Open,,,,175,3
2015,Panoche,1.3,9,Shrub,3.41,3.17,1.55,142,1
2015,Panoche,1.3,9,Open,,,,170,4
2015,Panoche,1.3,10,Shrub,3.43,2.73,1.83,155,1
2015,Panoche,1.3,10,Open,,,,156,2
2015,Panoche,1.3,11,Shrub,4.21,4.39,1.71,208,1
2015,Panoche,1.3,11,Open,,,,188,2
2015,Panoche,1.3,12,Shrub,5.76,5.43,2.16,213,2
2015,Panoche,1.3,12,Open,,,,208,2
2015,Panoche,1.3,13,Shrub,2.07,3.2,0.76,78,3
2015,Panoche,1.3,13,Open,,,,113,3
2015,Panoche,1.3,14,Shrub,2.55,2.27,0.98,193,2
2015,Panoche,1.3,14,Open,,,,222,2
2015,Panoche,1.3,15,Shrub,1.65,1.16,0.62,127,4
2015,Panoche,1.3,15,Open,,,,147,3
2015,Panoche,1.2,1,Shrub,2.38,3.28,1.25,31,3
2015,Panoche,1.2,1,Open,,,,71,4
2015,Panoche,1.2,2,Shrub,2.76,2.7,1.26,160,3
2015,Panoche,1.2,2,Open,,,,87,4
2015,Panoche,1.2,3,Shrub,2.44,1.98,1.02,132,4
2015,Panoche,1.2,3,Open,,,,76,4
2015,Panoche,1.2,4,Shrub,2.59,2.76,1.43,121,3
2015,Panoche,1.2,4,Open,,,,100,4
2015,Panoche,1.2,5,Shrub,2.7,3.2,1.14,104,4
2015,Panoche,1.2,5,Open,,,,71,4
2015,Panoche,1.2,6,Shrub,2.74,3,1.1,90,3
2015,Panoche,1.2,6,Open,,,,38,4
2015,Panoche,1.2,7,Shrub,1.39,1.4,0.82,114,4
2015,Panoche,1.2,7,Open,,,,61,4
2015,Panoche,1.2,8,Shrub,2.01,1.94,1.16,140,3
2015,Panoche,1.2,8,Open,,,,72,4
2015,Panoche,1.2,9,Shrub,1.86,2,1.34,85,4
2015,Panoche,1.2,9,Open,,,,38,3
2015,Panoche,1.2,10,Shrub,2.04,1.97,0.98,100,4
2015,Panoche,1.2,10,Open,,,,59,4
2015,Panoche,1.2,11,Shrub,2.39,2.8,1.04,122,3
2015,Panoche,1.2,11,Open,,,,38,3
2015,Panoche,1.2,12,Shrub,1.33,2.33,0.94,65,3
2015,Panoche,1.2,12,Open,,,,108,4
2015,Panoche,1.2,13,Shrub,2.41,2.33,0.64,117,4
2015,Panoche,1.2,13,Open,,,,53,4
2015,Panoche,1.2,14,Shrub,2.64,2.85,1.34,186,2
2015,Panoche,1.2,14,Open,,,,46,4
2015,Panoche,1.2,15,Shrub,2.68,2.33,1.16,136,4
2015,Panoche,1.2,15,Open,,,,49,4
2015,Panoche,1.1,1,Shrub,2.1,2.1,1.2,234,1
2015,Panoche,1.1,1,Open,,,,260,3
2015,Panoche,1.1,2,Shrub,1.9,1.7,1.3,150,2
2015,Panoche,1.1,2,Open,,,,224,3
2015,Panoche,1.1,3,Shrub,2.23,2.4,1.12,166,1
2015,Panoche,1.1,3,Open,,,,142,3
2015,Panoche,1.1,4,Shrub,2.63,2.9,1.07,212,1
2015,Panoche,1.1,4,Open,,,,164,3
2015,Panoche,1.1,5,Shrub,0.96,1.07,0.81,250,3
2015,Panoche,1.1,5,Open,,,,206,3
2015,Panoche,1.1,6,Shrub,3.25,2.2,1.3,248,1
2015,Panoche,1.1,6,Open,,,,260,3
2015,Panoche,1.1,7,Shrub,3.05,2.5,0.9,342,3
2015,Panoche,1.1,7,Open,,,,284,4
2015,Panoche,1.1,8,Shrub,2.95,1.6,1.1,216,2
2015,Panoche,1.1,8,Open,,,,182,3
2015,Panoche,1.1,9,Shrub,2.45,2.3,1.15,210,2
2015,Panoche,1.1,9,Open,,,,274,3
2015,Panoche,1.1,10,Shrub,2.3,2.5,1.3,166,1
2015,Panoche,1.1,10,Open,,,,122,3
2015,Panoche,1.1,11,Shrub,1.6,1.45,1.3,284,2
2015,Panoche,1.1,11,Open,,,,271,3
2015,Panoche,1.1,12,Shrub,1.8,1.4,0.9,220,1
2015,Panoche,1.1,12,Open,,,,222,3
2015,Panoche,1.1,13,Shrub,1.9,2,1.05,172,2
2015,Panoche,1.1,13,Open,,,,290,3
2015,Panoche,1.1,14,Shrub,1.85,2.05,1.1,194,1
2015,Panoche,1.1,14,Open,,,,210,3
2015,Panoche,1.1,15,Shrub,2.8,2.75,1.2,228,1
2015,Panoche,1.1,15,Open,,,,175,3
2014,Mojave,2.5,1,Shrub,2.03,2.01,1.5,53,3
2014,Mojave,2.5,1,Open,,,,4,2
2014,Mojave,2.5,2,Shrub,2.45,2.5,1.82,67,4
2014,Mojave,2.5,2,Open,,,,7,2
2014,Mojave,2.5,3,Shrub,1.8,1.9,1.2,44,5
2014,Mojave,2.5,3,Open,,,,8,2
2014,Mojave,2.5,4,Shrub,2.4,2.62,2.4,75,4
2014,Mojave,2.5,4,Open,,,,0,0
2014,Mojave,2.5,5,Shrub,3.2,2.4,2.3,59,6
2014,Mojave,2.5,5,Open,,,,13,3
2014,Mojave,2.5,6,Shrub,2.5,2.4,1.62,48,5
2014,Mojave,2.5,6,Open,,,,0,0
2014,Mojave,2.5,7,Shrub,3.2,2.5,2.15,22,6
2014,Mojave,2.5,7,Open,,,,2,1
2014,Mojave,2.5,8,Shrub,2.7,2.4,1.95,32,2
2014,Mojave,2.5,8,Open,,,,15,2
2014,Mojave,2.5,9,Shrub,3,3.1,3.4,43,4
2014,Mojave,2.5,9,Open,,,,15,4
2014,Mojave,2.5,10,Shrub,3.9,3.5,2.05,72,5
2014,Mojave,2.5,10,Open,,,,5,3
2014,Mojave,2.5,11,Shrub,2.5,2.45,1.4,21,5
2014,Mojave,2.5,11,Open,,,,3,2
2014,Mojave,2.5,12,Shrub,1.35,1.4,1.45,33,5
2014,Mojave,2.5,12,Open,,,,8,3
2014,Mojave,2.5,13,Shrub,2.7,2.4,1.1,25,6
2014,Mojave,2.5,13,Open,,,,1,1
2014,Mojave,2.5,14,Shrub,1.2,1.45,1.1,70,6
2014,Mojave,2.5,14,Open,,,,1,1
2014,Mojave,2.5,15,Shrub,4.9,4.3,1.95,18,6
2014,Mojave,2.5,15,Open,,,,0,0
2014,Mojave,2.4,1,Shrub,4.6,4.1,1.9,75,6
2014,Mojave,2.4,1,Open,,,,6,4
2014,Mojave,2.4,2,Shrub,2.6,1.75,0.155,90,10
2014,Mojave,2.4,2,Open,,,,28,2
2014,Mojave,2.4,3,Shrub,1.5,1,0.98,68,6
2014,Mojave,2.4,3,Open,,,,28,4
2014,Mojave,2.4,4,Shrub,2.3,2.4,2.4,58,6
2014,Mojave,2.4,4,Open,,,,3,1
2014,Mojave,2.4,5,Shrub,2.1,1.7,1.85,58,6
2014,Mojave,2.4,5,Open,,,,6,1
2014,Mojave,2.4,6,Shrub,2.1,2.6,1.75,42,7
2014,Mojave,2.4,6,Open,,,,17,3
2014,Mojave,2.4,7,Shrub,2.35,1.6,1.45,49,5
2014,Mojave,2.4,7,Open,,,,2,1
2014,Mojave,2.4,8,Shrub,2.15,2.2,1.3,93,7
2014,Mojave,2.4,8,Open,,,,22,2
2014,Mojave,2.4,9,Shrub,1.95,1.85,1.7,79,6
2014,Mojave,2.4,9,Open,,,,28,2
2014,Mojave,2.4,10,Shrub,1.55,1.6,1.2,39,4
2014,Mojave,2.4,10,Open,,,,19,4
2014,Mojave,2.4,11,Shrub,0.95,2.6,1.2,65,5
2014,Mojave,2.4,11,Open,,,,22,3
2014,Mojave,2.4,12,Shrub,2.2,2.2,1.75,49,6
2014,Mojave,2.4,12,Open,,,,39,4
2014,Mojave,2.4,13,Shrub,2.9,2.3,1.8,50,4
2014,Mojave,2.4,13,Open,,,,32,3
2014,Mojave,2.4,14,Shrub,2.4,2.6,1.45,48,5
2014,Mojave,2.4,14,Open,,,,8,2
2014,Mojave,2.4,15,Shrub,3.05,5,1.6,52,7
2014,Mojave,2.4,15,Open,,,,3,2
2014,Mojave,2.3,1,Shrub,2.5,2.05,1.3,27,3
2014,Mojave,2.3,1,Open,,,,1,1
2014,Mojave,2.3,2,Shrub,1.65,1.3,1.2,19,4
2014,Mojave,2.3,2,Open,,,,15,3
2014,Mojave,2.3,3,Shrub,2.06,2.5,1,37,5
2014,Mojave,2.3,3,Open,,,,4,2
2014,Mojave,2.3,4,Shrub,1.2,1.1,1.05,29,5
2014,Mojave,2.3,4,Open,,,,4,1
2014,Mojave,2.3,5,Shrub,2.3,1.7,1.8,47,5
2014,Mojave,2.3,5,Open,,,,9,3
2014,Mojave,2.3,6,Shrub,2.1,1,0.8,13,4
2014,Mojave,2.3,6,Open,,,,1,1
2014,Mojave,2.3,7,Shrub,0.84,0.55,0.6,0,0
2014,Mojave,2.3,7,Open,,,,1,1
2014,Mojave,2.3,8,Shrub,1.5,1.4,0.65,9,3
2014,Mojave,2.3,8,Open,,,,3,2
2014,Mojave,2.3,9,Shrub,0.72,0.5,0.4,15,3
2014,Mojave,2.3,9,Open,,,,5,2
2014,Mojave,2.3,10,Shrub,0.88,0.3,0.75,38,5
2014,Mojave,2.3,10,Open,,,,4,2
2014,Mojave,2.3,11,Shrub,1.05,1.1,0.5,43,4
2014,Mojave,2.3,11,Open,,,,5,2
2014,Mojave,2.3,12,Shrub,1.8,2.15,1.63,15,4
2014,Mojave,2.3,12,Open,,,,0,15
2014,Mojave,2.3,13,Shrub,2,1.3,1.4,37,6
2014,Mojave,2.3,13,Open,,,,14,3
2014,Mojave,2.3,14,Shrub,1.7,2.07,1.53,69,6
2014,Mojave,2.3,14,Open,,,,0,0
2014,Mojave,2.3,15,Shrub,0.95,0.9,0.65,28,4
2014,Mojave,2.3,15,Open,,,,0,0
2014,Mojave,2.2,1,Shrub,1.65,1.5,0.9,41,4
2014,Mojave,2.2,1,Open,,,,29,3
2014,Mojave,2.2,2,Shrub,2.3,1.7,0.95,37,3
2014,Mojave,2.2,2,Open,,,,8,2
2014,Mojave,2.2,3,Shrub,2.75,2.5,1.85,45,4
2014,Mojave,2.2,3,Open,,,,23,3
2014,Mojave,2.2,4,Shrub,1.4,1.05,1.2,47,4
2014,Mojave,2.2,4,Open,,,,12,3
2014,Mojave,2.2,5,Shrub,1.89,1.7,1.85,48,4
2014,Mojave,2.2,5,Open,,,,31,4
2014,Mojave,2.2,6,Shrub,1.4,1.4,0.65,38,4
2014,Mojave,2.2,6,Open,,,,28,3
2014,Mojave,2.2,7,Shrub,1.22,1.25,1.3,47,4
2014,Mojave,2.2,7,Open,,,,2,2
2014,Mojave,2.2,8,Shrub,2,1.8,1.25,40,4
2014,Mojave,2.2,8,Open,,,,13,3
2014,Mojave,2.2,9,Shrub,1.3,1.4,1.45,20,3
2014,Mojave,2.2,9,Open,,,,0,0
2014,Mojave,2.2,10,Shrub,1.63,1.8,1.3,41,3
2014,Mojave,2.2,10,Open,,,,11,2
2014,Mojave,2.2,11,Shrub,1.1,1.2,0.85,32,3
2014,Mojave,2.2,11,Open,,,,0,0
2014,Mojave,2.2,12,Shrub,0.9,1,0.6,25,4
2014,Mojave,2.2,12,Open,,,,16,3
2014,Mojave,2.2,13,Shrub,1.13,0.77,0.6,18,4
2014,Mojave,2.2,13,Open,,,,4,2
2014,Mojave,2.2,14,Shrub,1.15,1,0.73,7,2
2014,Mojave,2.2,14,Open,,,,14,3
2014,Mojave,2.2,15,Shrub,1.8,0.9,0.88,43,4
2014,Mojave,2.2,15,Open,,,,15,2
2014,Mojave,2.1,1,Shrub,1.45,1.51,1.6,37,1
2014,Mojave,2.1,1,Open,,,,16,2
2014,Mojave,2.1,2,Shrub,2.21,1.5,1.9,21,3
2014,Mojave,2.1,2,Open,,,,45,3
2014,Mojave,2.1,3,Shrub,0.75,0.7,1,37,3
2014,Mojave,2.1,3,Open,,,,53,1
2014,Mojave,2.1,4,Shrub,0.4,0.4,0.3,40,4
2014,Mojave,2.1,4,Open,,,,49,1
2014,Mojave,2.1,5,Shrub,1.7,1.4,1.4,23,3
2014,Mojave,2.1,5,Open,,,,40,3
2014,Mojave,2.1,6,Shrub,1.3,1.3,1.45,33,2
2014,Mojave,2.1,6,Open,,,,43,2
2014,Mojave,2.1,7,Shrub,1.7,1.3,1.5,23,2
2014,Mojave,2.1,7,Open,,,,27,3
2014,Mojave,2.1,8,Shrub,1.8,2,1.5,17,1
2014,Mojave,2.1,8,Open,,,,18,2
2014,Mojave,2.1,9,Shrub,1.4,1,1.25,25,2
2014,Mojave,2.1,9,Open,,,,33,2
2014,Mojave,2.1,10,Shrub,1.45,1.31,1.35,33,2
2014,Mojave,2.1,10,Open,,,,39,1
2014,Mojave,2.1,11,Shrub,1.5,1.25,1.4,25,3
2014,Mojave,2.1,11,Open,,,,20,3
2014,Mojave,2.1,12,Shrub,1.5,1.4,1.45,13,2
2014,Mojave,2.1,12,Open,,,,28,2
2014,Mojave,2.1,13,Shrub,1.75,1.4,1.4,8,1
2014,Mojave,2.1,13,Open,,,,28,2
2014,Mojave,2.1,14,Shrub,1,1.1,1.1,39,3
2014,Mojave,2.1,14,Open,,,,29,1
2014,Mojave,2.1,15,Shrub,1.4,1.58,1.2,31,2
2014,Mojave,2.1,15,Open,,,,17,3
2014,Panoche,1.3,1,Shrub,3.5,3.7,1.4,142,3
2014,Panoche,1.3,1,Open,,,,198,2
2014,Panoche,1.3,2,Shrub,3.2,3.1,1.6,106,2
2014,Panoche,1.3,2,Open,,,,210,3
2014,Panoche,1.3,3,Shrub,3.5,5.2,1.7,130,3
2014,Panoche,1.3,3,Open,,,,110,4
2014,Panoche,1.3,4,Shrub,2.5,2.4,1,145,2
2014,Panoche,1.3,4,Open,,,,170,4
2014,Panoche,1.3,5,Shrub,3.4,2.7,1.3,156,2
2014,Panoche,1.3,5,Open,,,,94,5
2014,Panoche,1.3,6,Shrub,3.8,3,1.7,86,1
2014,Panoche,1.3,6,Open,,,,110,3
2014,Panoche,1.3,7,Shrub,3.9,3.8,1.4,78,1
2014,Panoche,1.3,7,Open,,,,120,3
2014,Panoche,1.3,8,Shrub,3.5,3.3,1.2,112,2
2014,Panoche,1.3,8,Open,,,,92,4
2014,Panoche,1.3,9,Shrub,4.6,4.4,2,140,4
2014,Panoche,1.3,9,Open,,,,64,3
2014,Panoche,1.3,10,Shrub,3.3,3.2,1.6,68,2
2014,Panoche,1.3,10,Open,,,,38,4
2014,Panoche,1.3,11,Shrub,3,3.4,1.2,118,3
2014,Panoche,1.3,11,Open,,,,66,5
2014,Panoche,1.3,12,Shrub,2.9,2.9,1.8,28,1
2014,Panoche,1.3,12,Open,,,,64,4
2014,Panoche,1.3,13,Shrub,3.2,3.3,1.2,110,3
2014,Panoche,1.3,13,Open,,,,104,4
2014,Panoche,1.3,14,Shrub,2.8,2.6,1,24,2
2014,Panoche,1.3,14,Open,,,,48,3
2014,Panoche,1.3,15,Shrub,3.8,3.2,1.6,110,3
2014,Panoche,1.3,15,Open,,,,88,4
2014,Panoche,1.2,1,Shrub,5.7,4.7,2,36,2
2014,Panoche,1.2,1,Open,,,,42,4
2014,Panoche,1.2,2,Shrub,2.8,4.3,1.8,108,3
2014,Panoche,1.2,2,Open,,,,104,4
2014,Panoche,1.2,3,Shrub,2,1.8,1.1,32,3
2014,Panoche,1.2,3,Open,,,,74,3
2014,Panoche,1.2,4,Shrub,2.3,2.4,1.1,108,4
2014,Panoche,1.2,4,Open,,,,40,3
2014,Panoche,1.2,5,Shrub,2.9,2.1,2.4,112,2
2014,Panoche,1.2,5,Open,,,,78,4
2014,Panoche,1.2,6,Shrub,3.1,3.4,1.9,114,1
2014,Panoche,1.2,6,Open,,,,96,3
2014,Panoche,1.2,7,Shrub,3.4,2.5,1.2,94,3
2014,Panoche,1.2,7,Open,,,,88,4
2014,Panoche,1.2,8,Shrub,2.9,2.4,1.3,45,2
2014,Panoche,1.2,8,Open,,,,34,3
2014,Panoche,1.2,9,Shrub,2.8,2.9,2.1,48,3
2014,Panoche,1.2,9,Open,,,,32,3
2014,Panoche,1.2,10,Shrub,2.5,2.6,1.1,52,2
2014,Panoche,1.2,10,Open,,,,60,3
2014,Panoche,1.2,11,Shrub,2.2,2.3,1.4,74,3
2014,Panoche,1.2,11,Open,,,,28,4
2014,Panoche,1.2,12,Shrub,3.4,2.4,1.2,57,2
2014,Panoche,1.2,12,Open,,,,52,3
2014,Panoche,1.2,13,Shrub,2.2,1.7,1.7,52,2
2014,Panoche,1.2,13,Open,,,,72,4
2014,Panoche,1.2,14,Shrub,2,2.1,1.2,44,2
2014,Panoche,1.2,14,Open,,,,32,3
2014,Panoche,1.2,15,Shrub,2,2,1.3,110,3
2014,Panoche,1.2,15,Open,,,,83,4
2014,Panoche,1.1,1,Shrub,5.04,3.12,1.49,146,2
2014,Panoche,1.1,1,Open,,,,107,4
2014,Panoche,1.1,2,Shrub,3.2,2.72,1.19,140,2
2014,Panoche,1.1,2,Open,,,,118,3
2014,Panoche,1.1,3,Shrub,5.72,4.55,1.74,96,2
2014,Panoche,1.1,3,Open,,,,76,2
2014,Panoche,1.1,4,Shrub,4.3,3.6,1.3,166,3
2014,Panoche,1.1,4,Open,,,,60,3
2014,Panoche,1.1,5,Shrub,3,2.5,1.2,157,2
2014,Panoche,1.1,5,Open,,,,80,3
2014,Panoche,1.1,6,Shrub,3.6,3.2,1.2,194,2
2014,Panoche,1.1,6,Open,,,,58,3
2014,Panoche,1.1,7,Shrub,3.2,2.8,1.2,83,3
2014,Panoche,1.1,7,Open,,,,90,4
2014,Panoche,1.1,8,Shrub,3.2,2.8,1.2,205,3
2014,Panoche,1.1,8,Open,,,,40,3
2014,Panoche,1.1,9,Shrub,2.9,3,1.5,180,3
2014,Panoche,1.1,9,Open,,,,85,4
2014,Panoche,1.1,10,Shrub,3,3.2,1.2,92,3
2014,Panoche,1.1,10,Open,,,,84,3
2014,Panoche,1.1,11,Shrub,3.7,2.8,1.3,185,3
2014,Panoche,1.1,11,Open,,,,110,4
2014,Panoche,1.1,12,Shrub,2.8,2.4,1.5,215,2
2014,Panoche,1.1,12,Open,,,,106,3
2014,Panoche,1.1,13,Shrub,3,3.9,1.6,270,2
2014,Panoche,1.1,13,Open,,,,107,3
2014,Panoche,1.1,14,Shrub,2.3,2.1,1.4,48,2
2014,Panoche,1.1,14,Open,,,,76,4
2014,Panoche,1.1,15,Shrub,3.3,3.1,1.5,66,2
2014,Panoche,1.1,15,Open,,,,98,3
2013,Mojave,2.1,1,Shrub,1.2,0.5,1,80,2
2013,Mojave,2.1,1,Open,,,,25,3
2013,Mojave,2.1,2,Shrub,1.7,1.4,1.3,30,3
2013,Mojave,2.1,2,Open,,,,20,2
2013,Mojave,2.1,3,Shrub,0.9,0.8,1.1,60,3
2013,Mojave,2.1,3,Open,,,,10,2
2013,Mojave,2.1,4,Shrub,1.2,0.9,0.8,30,2
2013,Mojave,2.1,4,Open,,,,20,2
2013,Mojave,2.1,5,Shrub,1.5,1.4,1.2,20,2
2013,Mojave,2.1,5,Open,,,,5,1
2013,Mojave,2.1,6,Shrub,1.4,1.1,1,40,2
2013,Mojave,2.1,6,Open,,,,15,2
2013,Mojave,2.1,7,Shrub,1,1,1.4,100,3
2013,Mojave,2.1,7,Open,,,,5,1
2013,Mojave,2.1,8,Shrub,1.3,1.2,1.1,10,2
2013,Mojave,2.1,8,Open,,,,10,2
2013,Mojave,2.1,9,Shrub,2,1.6,1.4,30,2
2013,Mojave,2.1,9,Open,,,,20,2
2013,Mojave,2.1,10,Shrub,1.4,1.7,1.6,30,2
2013,Mojave,2.1,10,Open,,,,40,2
2013,Mojave,2.1,11,Shrub,2.2,1.6,1.7,40,3
2013,Mojave,2.1,11,Open,,,,5,2
2013,Mojave,2.1,12,Shrub,1.3,1.2,1.1,30,2
2013,Mojave,2.1,12,Open,,,,10,2
2013,Mojave,2.1,13,Shrub,1.2,2.1,1.2,60,2
2013,Mojave,2.1,13,Open,,,,10,2
2013,Mojave,2.1,14,Shrub,1.9,2,1.6,30,3
2013,Mojave,2.1,14,Open,,,,1,2
2013,Mojave,2.1,15,Shrub,1.6,1.5,1.5,50,3
2013,Mojave,2.1,15,Open,,,,5,1
2013,Mojave,2.2,1,Shrub,2.6,1.8,2.1,100,4
2013,Mojave,2.2,1,Open,,,,20,2
2013,Mojave,2.2,2,Shrub,1.5,1.5,1.8,40,2
2013,Mojave,2.2,2,Open,,,,10,2
2013,Mojave,2.2,3,Shrub,2.3,2.6,2.5,40,3
2013,Mojave,2.2,3,Open,,,,30,3
2013,Mojave,2.2,4,Shrub,1.8,1.7,1.6,40,2
2013,Mojave,2.2,4,Open,,,,20,2
2013,Mojave,2.2,5,Shrub,2.8,1.9,1.6,80,3
2013,Mojave,2.2,5,Open,,,,30,2
2013,Mojave,2.2,6,Shrub,2.3,1.9,2.1,70,2
2013,Mojave,2.2,6,Open,,,,5,2
2013,Mojave,2.2,7,Shrub,2.6,2.3,1.8,140,5
2013,Mojave,2.2,7,Open,,,,20,2
2013,Mojave,2.2,8,Shrub,1.7,1.4,1.5,20,2
2013,Mojave,2.2,8,Open,,,,5,2
2013,Mojave,2.2,9,Shrub,1.8,2.2,1.4,140,3
2013,Mojave,2.2,9,Open,,,,20,2
2013,Mojave,2.2,10,Shrub,1.8,2.3,1.6,80,3
2013,Mojave,2.2,10,Open,,,,30,3
2013,Mojave,2.2,11,Shrub,2.8,2.1,1.7,90,3
2013,Mojave,2.2,11,Open,,,,20,3
2013,Mojave,2.2,12,Shrub,4.1,3.9,2.4,100,4
2013,Mojave,2.2,12,Open,,,,40,3
2013,Mojave,2.2,13,Shrub,2.4,1.9,1.3,60,2
2013,Mojave,2.2,13,Open,,,,20,2
2013,Mojave,2.2,14,Shrub,3.6,2.8,2.7,120,3
2013,Mojave,2.2,14,Open,,,,5,1
2013,Mojave,2.2,15,Shrub,2.1,2.3,1.5,80,3
2013,Mojave,2.2,15,Open,,,,10,1
2013,Mojave,2.3,1,Shrub,1.6,1.9,1.5,50,4
2013,Mojave,2.3,1,Open,,,,0,0
2013,Mojave,2.3,2,Shrub,1.3,0.9,1.4,50,3
2013,Mojave,2.3,2,Open,,,,10,1
2013,Mojave,2.3,3,Shrub,2.7,2.4,1.8,30,3
2013,Mojave,2.3,3,Open,,,,0,0
2013,Mojave,2.3,4,Shrub,1.6,1.5,1.4,80,3
2013,Mojave,2.3,4,Open,,,,0,0
2013,Mojave,2.3,5,Shrub,2.5,2.7,1.5,120,2
2013,Mojave,2.3,5,Open,,,,10,3
2013,Mojave,2.3,6,Shrub,3.2,3.1,1.8,50,2
2013,Mojave,2.3,6,Open,,,,0,0
2013,Mojave,2.3,7,Shrub,1,1.4,1.3,50,2
2013,Mojave,2.3,7,Open,,,,0,0
2013,Mojave,2.3,8,Shrub,2.6,2.4,1.9,120,4
2013,Mojave,2.3,8,Open,,,,20,2
2013,Mojave,2.3,9,Shrub,1.8,1.7,1.6,160,3
2013,Mojave,2.3,9,Open,,,,10,1
2013,Mojave,2.3,10,Shrub,2.4,2.5,2.7,130,4
2013,Mojave,2.3,10,Open,,,,5,2
2013,Mojave,2.3,11,Shrub,3.9,3.2,2.2,40,3
2013,Mojave,2.3,11,Open,,,,15,2
2013,Mojave,2.3,12,Shrub,2.2,2.3,1.5,140,4
2013,Mojave,2.3,12,Open,,,,10,2
2013,Mojave,2.3,13,Shrub,2.5,2.2,1.5,80,5
2013,Mojave,2.3,13,Open,,,,30,2
2013,Mojave,2.3,14,Shrub,3.5,2.8,2.2,180,3
2013,Mojave,2.3,14,Open,,,,80,3
2013,Mojave,2.3,15,Shrub,2,2.1,1.3,160,5
2013,Mojave,2.3,15,Open,,,,20,2
2013,Mojave,2.4,1,Shrub,2.7,2.5,1.8,70,3
2013,Mojave,2.4,1,Open,,,,5,1
2013,Mojave,2.4,2,Shrub,2.1,2.2,1.8,80,3
2013,Mojave,2.4,2,Open,,,,5,1
2013,Mojave,2.4,3,Shrub,1.7,1.4,2,130,3
2013,Mojave,2.4,3,Open,,,,20,2
2013,Mojave,2.4,4,Shrub,1.5,1.7,1.5,120,4
2013,Mojave,2.4,4,Open,,,,20,3
2013,Mojave,2.4,5,Shrub,1.6,2.6,1.8,100,3
2013,Mojave,2.4,5,Open,,,,2,1
2013,Mojave,2.4,6,Shrub,2.8,2.2,2.2,100,4
2013,Mojave,2.4,6,Open,,,,15,1
2013,Mojave,2.4,7,Shrub,2,2.2,2,80,3
2013,Mojave,2.4,7,Open,,,,15,2
2013,Mojave,2.4,8,Shrub,3,2.9,1.9,180,3
2013,Mojave,2.4,8,Open,,,,5,1
2013,Mojave,2.4,9,Shrub,1.7,1.5,1.5,60,3
2013,Mojave,2.4,9,Open,,,,5,1
2013,Mojave,2.4,10,Shrub,1.1,0.9,1.1,100,3
2013,Mojave,2.4,10,Open,,,,10,1
2013,Mojave,2.4,11,Shrub,2.3,2.5,1.6,100,2
2013,Mojave,2.4,11,Open,,,,5,1
2013,Mojave,2.4,12,Shrub,1.7,1.3,1.6,80,4
2013,Mojave,2.4,12,Open,,,,30,2
2013,Mojave,2.4,13,Shrub,2,1.8,1.1,90,3
2013,Mojave,2.4,13,Open,,,,10,2
2013,Mojave,2.4,14,Shrub,1.4,1.7,1.7,80,2
2013,Mojave,2.4,14,Open,,,,5,2
2013,Mojave,2.4,15,Shrub,1.9,1.6,1.5,70,4
2013,Mojave,2.4,15,Open,,,,40,2
2013,Mojave,2.5,1,Shrub,1,1.4,1.3,0,0
2013,Mojave,2.5,1,Open,,,,0,0
2013,Mojave,2.5,2,Shrub,2.1,2.3,1.8,30,2
2013,Mojave,2.5,2,Open,,,,0,0
2013,Mojave,2.5,3,Shrub,1.5,1.7,1.1,5,1
2013,Mojave,2.5,3,Open,,,,0,0
2013,Mojave,2.5,4,Shrub,1.5,1.6,1.2,40,3
2013,Mojave,2.5,4,Open,,,,0,0
2013,Mojave,2.5,5,Shrub,1.3,1.6,1.2,30,2
2013,Mojave,2.5,5,Open,,,,0,0
2013,Mojave,2.5,6,Shrub,1.1,1.6,1.2,40,3
2013,Mojave,2.5,6,Open,,,,5,1
2013,Mojave,2.5,7,Shrub,1.9,1.9,1.1,15,2
2013,Mojave,2.5,7,Open,,,,0,0
2013,Mojave,2.5,8,Shrub,1.6,1.3,1.7,20,3
2013,Mojave,2.5,8,Open,,,,0,0
2013,Mojave,2.5,9,Shrub,1.5,1.3,1.1,30,3
2013,Mojave,2.5,9,Open,,,,0,0
2013,Mojave,2.5,10,Shrub,1.8,1.9,1.4,30,3
2013,Mojave,2.5,10,Open,,,,0,0
2013,Mojave,2.5,11,Shrub,1.6,2.3,1.6,40,2
2013,Mojave,2.5,11,Open,,,,5,1
2013,Mojave,2.5,12,Shrub,1.5,1.9,1.2,40,3
2013,Mojave,2.5,12,Open,,,,0,0
2013,Mojave,2.5,13,Shrub,1.8,1.8,1.6,5,1
2013,Mojave,2.5,13,Open,,,,1,1
2013,Mojave,2.5,14,Shrub,1.5,1.5,1.2,5,1
2013,Mojave,2.5,14,Open,,,,0,0
2013,Mojave,2.5,15,Shrub,1.3,1.3,1.5,10,2
2013,Mojave,2.5,15,Open,,,,8,1
2013,Panoche,1.1,1,Shrub,4.5,4.8,2.2,190,4
2013,Panoche,1.1,1,Open,,,,120,4
2013,Panoche,1.1,2,Shrub,2.9,2.1,1.3,280,5
2013,Panoche,1.1,2,Open,,,,230,4
2013,Panoche,1.1,3,Shrub,1.2,1.2,1.1,330,4
2013,Panoche,1.1,3,Open,,,,300,4
2013,Panoche,1.1,4,Shrub,1.9,2.1,1.2,420,4
2013,Panoche,1.1,4,Open,,,,270,4
2013,Panoche,1.1,5,Shrub,3.4,4.4,1.8,280,3
2013,Panoche,1.1,5,Open,,,,200,4
2013,Panoche,1.1,6,Shrub,4.1,2.1,1.5,370,3
2013,Panoche,1.1,6,Open,,,,160,4
2013,Panoche,1.1,7,Shrub,2.4,2.3,1.1,200,4
2013,Panoche,1.1,7,Open,,,,130,3
2013,Panoche,1.1,8,Shrub,3.2,3,1.4,280,4
2013,Panoche,1.1,8,Open,,,,200,4
2013,Panoche,1.1,9,Shrub,4.1,3.8,2.1,360,3
2013,Panoche,1.1,9,Open,,,,170,4
2013,Panoche,1.1,10,Shrub,3.2,3.1,1.1,440,3
2013,Panoche,1.1,10,Open,,,,230,4
2013,Panoche,1.1,11,Shrub,5.8,4.8,1.7,460,3
2013,Panoche,1.1,11,Open,,,,230,4
2013,Panoche,1.1,12,Shrub,2.4,2.5,1.6,370,3
2013,Panoche,1.1,12,Open,,,,300,4
2013,Panoche,1.1,13,Shrub,4.8,4.5,1.7,280,4
2013,Panoche,1.1,13,Open,,,,300,4
2013,Panoche,1.1,14,Shrub,4.6,3.8,2.5,420,4
2013,Panoche,1.1,14,Open,,,,180,4
2013,Panoche,1.1,15,Shrub,5.1,4.7,1.5,200,3
2013,Panoche,1.1,15,Open,,,,180,4
2013,Panoche,1.2,1,Shrub,1.7,1.8,1.3,45,6
2013,Panoche,1.2,1,Open,,,,40,5
2013,Panoche,1.2,2,Shrub,1.7,1.5,1.2,50,5
2013,Panoche,1.2,2,Open,,,,35,5
2013,Panoche,1.2,3,Shrub,4.3,2.6,1.4,45,4
2013,Panoche,1.2,3,Open,,,,45,4
2013,Panoche,1.2,4,Shrub,2.2,1.9,1.3,75,3
2013,Panoche,1.2,4,Open,,,,55,4
2013,Panoche,1.2,5,Shrub,2.2,2,1,30,3
2013,Panoche,1.2,5,Open,,,,15,3
2013,Panoche,1.2,6,Shrub,2,1.9,1.1,55,4
2013,Panoche,1.2,6,Open,,,,5,4
2013,Panoche,1.2,7,Shrub,1.3,1.3,1,20,5
2013,Panoche,1.2,7,Open,,,,15,4
2013,Panoche,1.2,8,Shrub,3.8,3.1,1.9,50,3
2013,Panoche,1.2,8,Open,,,,20,5
2013,Panoche,1.2,9,Shrub,1.7,1.5,1.2,10,3
2013,Panoche,1.2,9,Open,,,,10,4
2013,Panoche,1.2,10,Shrub,2.2,3.2,1.7,65,5
2013,Panoche,1.2,10,Open,,,,40,4
2013,Panoche,1.2,11,Shrub,2.1,2.8,1.5,55,4
2013,Panoche,1.2,11,Open,,,,25,3
2013,Panoche,1.2,12,Shrub,1.4,1.2,0.9,40,5
2013,Panoche,1.2,12,Open,,,,10,3
2013,Panoche,1.2,13,Shrub,1.8,1.8,1.1,30,5
2013,Panoche,1.2,13,Open,,,,35,4
2013,Panoche,1.2,14,Shrub,1.8,1.6,1.1,55,6
2013,Panoche,1.2,14,Open,,,,35,4
2013,Panoche,1.2,15,Shrub,1.8,1.9,1.1,20,5
2013,Panoche,1.2,15,Open,,,,20,4
2013,Panoche,1.3,1,Shrub,3.1,2.8,1.5,110,3
2013,Panoche,1.3,1,Open,,,,80,4
2013,Panoche,1.3,2,Shrub,2.1,2.8,1.3,125,4
2013,Panoche,1.3,2,Open,,,,55,5
2013,Panoche,1.3,3,Shrub,1.7,1.6,0.9,110,5
2013,Panoche,1.3,3,Open,,,,55,4
2013,Panoche,1.3,4,Shrub,2.8,2.3,0.8,125,4
2013,Panoche,1.3,4,Open,,,,50,4
2013,Panoche,1.3,5,Shrub,4.1,3.3,1.4,130,4
2013,Panoche,1.3,5,Open,,,,85,4
2013,Panoche,1.3,6,Shrub,1.3,1.4,1.6,100,5
2013,Panoche,1.3,6,Open,,,,65,5
2013,Panoche,1.3,7,Shrub,3.1,3.2,2.2,110,5
2013,Panoche,1.3,7,Open,,,,75,4
2013,Panoche,1.3,8,Shrub,4.2,4,1.8,145,5
2013,Panoche,1.3,8,Open,,,,40,5
2013,Panoche,1.3,9,Shrub,4.4,3.8,1.5,75,5
2013,Panoche,1.3,9,Open,,,,95,4
2013,Panoche,1.3,10,Shrub,4.8,3.6,1.5,100,5
2013,Panoche,1.3,10,Open,,,,70,4
2013,Panoche,1.3,11,Shrub,3.9,3.8,1.1,105,5
2013,Panoche,1.3,11,Open,,,,75,4
2013,Panoche,1.3,12,Shrub,4.2,3.9,1.8,55,4
2013,Panoche,1.3,12,Open,,,,35,6
2013,Panoche,1.3,13,Shrub,2,1.9,1,100,5
2013,Panoche,1.3,13,Open,,,,70,4
2013,Panoche,1.3,14,Shrub,2.1,1.9,1,105,4
2013,Panoche,1.3,14,Open,,,,40,4
2013,Panoche,1.3,15,Shrub,4.6,5.5,1.7,85,4
2013,Panoche,1.3,15,Open,,,,65,4
2017,Mojave,2.1,1,Shrub,168,162,151,14,3
2017,Mojave,2.1,1,Open,,,,25,2
2017,Mojave,2.1,2,Shrub,151,167,129,36,3
2017,Mojave,2.1,2,Open,,,,22,4
2017,Mojave,2.1,3,Shrub,108,125,155,20,4
2017,Mojave,2.1,3,Open,,,,19,2
2017,Mojave,2.1,4,Shrub,142,172,132,30,2
2017,Mojave,2.1,4,Open,,,,22,6
2017,Mojave,2.1,5,Shrub,164,195,149,29,3
2017,Mojave,2.1,5,Open,,,,27,2
2017,Mojave,2.1,6,Shrub,218,212,140,16,3
2017,Mojave,2.1,6,Open,,,,20,2
2017,Mojave,2.1,7,Shrub,155,151,137,40,4
2017,Mojave,2.1,7,Open,,,,21,3
2017,Mojave,2.1,8,Shrub,181,159,169,15,4
2017,Mojave,2.1,8,Open,,,,20,2
2017,Mojave,2.1,9,Shrub,132,137,75,31,3
2017,Mojave,2.1,9,Open,,,,19,3
2017,Mojave,2.1,10,Shrub,148,142,137,21,2
2017,Mojave,2.1,10,Open,,,,16,4
2017,Mojave,2.1,11,Shrub,158,181,110,25,3
2017,Mojave,2.1,11,Open,,,,23,4
2017,Mojave,2.1,12,Shrub,172,118,138,42,5
2017,Mojave,2.1,12,Open,,,,26,3
2017,Mojave,2.1,13,Shrub,139,92,94,28,3
2017,Mojave,2.1,13,Open,,,,29,4
2017,Mojave,2.1,14,Shrub,177,149,159,31,3
2017,Mojave,2.1,14,Open,,,,24,3
2017,Mojave,2.1,15,Shrub,214,241,135,24,3
2017,Mojave,2.1,15,Open,,,,23,4
2017,Mojave,2.1,16,Shrub,103,94,105,37,3
2017,Mojave,2.1,16,Open,,,,25,2
2017,Mojave,2.1,17,Shrub,178,151,140,7,2
2017,Mojave,2.1,17,Open,,,,24,3
2017,Mojave,2.1,18,Shrub,79,65,63,39,2
2017,Mojave,2.1,18,Open,,,,12,3
2017,Mojave,2.1,19,Shrub,98,96,97,19,3
2017,Mojave,2.1,19,Open,,,,10,3
2017,Mojave,2.1,20,Shrub,298,285,153,19,3
2017,Mojave,2.1,20,Open,,,,19,2
2017,Mojave,2.1,21,Shrub,148,136,125,24,3
2017,Mojave,2.1,21,Open,,,,5,2
2017,Mojave,2.1,22,Shrub,137,171,109,24,2
2017,Mojave,2.1,22,Open,,,,23,3
2017,Mojave,2.1,23,Shrub,104,69,55,22,3
2017,Mojave,2.1,23,Open,,,,27,3
2017,Mojave,2.1,24,Shrub,111,72,50,20,3
2017,Mojave,2.1,24,Open,,,,20,3
2017,Mojave,2.1,25,Shrub,86,89,83,16,3
2017,Mojave,2.1,25,Open,,,,29,3
2017,Mojave,2.1,26,Shrub,127,115,130,20,4
2017,Mojave,2.1,26,Open,,,,13,2
2017,Mojave,2.1,27,Shrub,106,96,88,19,2
2017,Mojave,2.1,27,Open,,,,17,3
2017,Mojave,2.1,28,Shrub,145,119,98,13,3
2017,Mojave,2.1,28,Open,,,,10,2
2017,Mojave,2.1,29,Shrub,171,120,109,26,3
2017,Mojave,2.1,29,Open,,,,26,3
2017,Mojave,2.1,30,Shrub,111,121,105,13,3
2017,Mojave,2.1,30,Open,,,,6,2
2017,Mojave,2.2,1,Shrub,193,262,119,71,3
2017,Mojave,2.2,1,Open,,,,7,2
2017,Mojave,2.2,2,Shrub,215,152,158,67,2
2017,Mojave,2.2,2,Open,,,,15,3
2017,Mojave,2.2,3,Shrub,209,256,107,68,2
2017,Mojave,2.2,3,Open,,,,5,1
2017,Mojave,2.2,4,Shrub,151,159,114,73,3
2017,Mojave,2.2,4,Open,,,,10,3
2017,Mojave,2.2,5,Shrub,164,181,105,93,2
2017,Mojave,2.2,5,Open,,,,11,3
2017,Mojave,2.2,6,Shrub,177,173,112,55,3
2017,Mojave,2.2,6,Open,,,,15,4
2017,Mojave,2.2,7,Shrub,135,11,76,58,4
2017,Mojave,2.2,7,Open,,,,14,3
2017,Mojave,2.2,8,Shrub,142,158,101,50,3
2017,Mojave,2.2,8,Open,,,,24,2
2017,Mojave,2.2,9,Shrub,135,129,81,66,4
2017,Mojave,2.2,9,Open,,,,32,4
2017,Mojave,2.2,10,Shrub,186,148,103,77,3
2017,Mojave,2.2,10,Open,,,,12,4
2017,Mojave,2.2,11,Shrub,159,170,76,72,2
2017,Mojave,2.2,11,Open,,,,14,3
2017,Mojave,2.2,12,Shrub,189,177,110,78,1
2017,Mojave,2.2,12,Open,,,,11,3
2017,Mojave,2.2,13,Shrub,159,144,110,81,4
2017,Mojave,2.2,13,Open,,,,11,3
2017,Mojave,2.2,14,Shrub,86,122,86,17,5
2017,Mojave,2.2,14,Open,,,,5,1
2017,Mojave,2.2,15,Shrub,166,106,107,47,4
2017,Mojave,2.2,15,Open,,,,3,2
2017,Mojave,2.2,16,Shrub,279,218,174,39,1
2017,Mojave,2.2,16,Open,,,,14,3
2017,Mojave,2.2,17,Shrub,250,243,151,91,2
2017,Mojave,2.2,17,Open,,,,4,1
2017,Mojave,2.2,18,Shrub,144,171,132,85,2
2017,Mojave,2.2,18,Open,,,,20,3
2017,Mojave,2.2,19,Shrub,163,184,143,40,3
2017,Mojave,2.2,19,Open,,,,19,2
2017,Mojave,2.2,20,Shrub,148,165,98,74,3
2017,Mojave,2.2,20,Open,,,,6,2
2017,Mojave,2.2,21,Shrub,167,163,154,79,2
2017,Mojave,2.2,21,Open,,,,18,1
2017,Mojave,2.2,22,Shrub,136,99,119,61,3
2017,Mojave,2.2,22,Open,,,,9,4
2017,Mojave,2.2,23,Shrub,156,152,135,59,1
2017,Mojave,2.2,23,Open,,,,14,2
2017,Mojave,2.2,24,Shrub,289,220,166,51,3
2017,Mojave,2.2,24,Open,,,,13,2
2017,Mojave,2.2,25,Shrub,138,152,80,65,2
2017,Mojave,2.2,25,Open,,,,8,1
2017,Mojave,2.2,26,Shrub,191,165,150,41,2
2017,Mojave,2.2,26,Open,,,,29,4
2017,Mojave,2.2,27,Shrub,174,166,151,58,1
2017,Mojave,2.2,27,Open,,,,9,3
2017,Mojave,2.2,28,Shrub,207,245,104,73,2
2017,Mojave,2.2,28,Open,,,,20,2
2017,Mojave,2.2,29,Shrub,179,172,114,37,3
2017,Mojave,2.2,29,Open,,,,8,3
2017,Mojave,2.2,30,Shrub,187,192,112,91,3
2017,Mojave,2.2,30,Open,,,,20,2
2017,Mojave,2.3,1,Shrub,214,200,145,34,5
2017,Mojave,2.3,1,Open,,,,0,0
2017,Mojave,2.3,2,Shrub,309,199,166,33,5
2017,Mojave,2.3,2,Open,,,,1,1
2017,Mojave,2.3,3,Shrub,312,170,111,38,4
2017,Mojave,2.3,3,Open,,,,6,2
2017,Mojave,2.3,4,Shrub,255,234,177,31,3
2017,Mojave,2.3,4,Open,,,,5,2
2017,Mojave,2.3,5,Shrub,153,133,58,23,3
2017,Mojave,2.3,5,Open,,,,13,4
2017,Mojave,2.3,6,Shrub,262,267,170,47,5
2017,Mojave,2.3,6,Open,,,,24,4
2017,Mojave,2.3,7,Shrub,142,111,103,35,4
2017,Mojave,2.3,7,Open,,,,22,3
2017,Mojave,2.3,8,Shrub,161,151,122,78,4
2017,Mojave,2.3,8,Open,,,,13,4
2017,Mojave,2.3,9,Shrub,105,101,91,45,5
2017,Mojave,2.3,9,Open,,,,14,3
2017,Mojave,2.3,10,Shrub,133,130,115,36,3
2017,Mojave,2.3,10,Open,,,,7,3
2017,Mojave,2.3,11,Shrub,101,101,71,31,5
2017,Mojave,2.3,11,Open,,,,6,1
2017,Mojave,2.3,12,Shrub,170,210,146,89,4
2017,Mojave,2.3,12,Open,,,,7,3
2017,Mojave,2.3,13,Shrub,130,132,119,47,5
2017,Mojave,2.3,13,Open,,,,21,3
2017,Mojave,2.3,14,Shrub,97,103,117,38,5
2017,Mojave,2.3,14,Open,,,,13,4
2017,Mojave,2.3,15,Shrub,245,310,171,96,4
2017,Mojave,2.3,15,Open,,,,19,4
2017,Mojave,2.3,16,Shrub,164,188,128,39,4
2017,Mojave,2.3,16,Open,,,,11,3
2017,Mojave,2.3,17,Shrub,141,273,148,15,4
2017,Mojave,2.3,17,Open,,,,24,3
2017,Mojave,2.3,18,Shrub,198,151,119,44,6
2017,Mojave,2.3,18,Open,,,,28,4
2017,Mojave,2.3,19,Shrub,208,156,162,65,6
2017,Mojave,2.3,19,Open,,,,39,3
2017,Mojave,2.3,20,Shrub,210,183,111,47,5
2017,Mojave,2.3,20,Open,,,,39,3
2017,Mojave,2.3,21,Shrub,210,159,110,38,5
2017,Mojave,2.3,21,Open,,,,21,3
2017,Mojave,2.3,22,Shrub,198,215,167,52,4
2017,Mojave,2.3,22,Open,,,,12,3
2017,Mojave,2.3,23,Shrub,187,165,130,73,5
2017,Mojave,2.3,23,Open,,,,37,5
2017,Mojave,2.3,24,Shrub,154,116,167,60,4
2017,Mojave,2.3,24,Open,,,,35,4
2017,Mojave,2.3,25,Shrub,149,129,111,56,4
2017,Mojave,2.3,25,Open,,,,27,5
2017,Mojave,2.3,26,Shrub,213,207,170,71,5
2017,Mojave,2.3,26,Open,,,,10,2
2017,Mojave,2.3,27,Shrub,277,275,174,92,2
2017,Mojave,2.3,27,Open,,,,6,1
2017,Mojave,2.3,28,Shrub,114,93,72,53,5
2017,Mojave,2.3,28,Open,,,,6,2
2017,Mojave,2.3,29,Shrub,203,219,146,27,6
2017,Mojave,2.3,29,Open,,,,1,1
2017,Mojave,2.3,30,Shrub,136,92,138,60,5
2017,Mojave,2.3,30,Open,,,,45,4
2017,Mojave,2.4,1,Shrub,334,335,146,86,3
2017,Mojave,2.4,1,Open,,,,9,3
2017,Mojave,2.4,2,Shrub,288,269,170,84,6
2017,Mojave,2.4,2,Open,,,,9,3
2017,Mojave,2.4,3,Shrub,119,226,118,73,3
2017,Mojave,2.4,3,Open,,,,12,4
2017,Mojave,2.4,4,Shrub,324,270,129,57,5
2017,Mojave,2.4,4,Open,,,,15,4
2017,Mojave,2.4,5,Shrub,297,346,166,51,4
2017,Mojave,2.4,5,Open,,,,3,1
2017,Mojave,2.4,6,Shrub,217,255,102,61,4
2017,Mojave,2.4,6,Open,,,,7,2
2017,Mojave,2.4,7,Shrub,298,247,198,69,4
2017,Mojave,2.4,7,Open,,,,18,4
2017,Mojave,2.4,8,Shrub,188,177,132,48,4
2017,Mojave,2.4,8,Open,,,,13,2
2017,Mojave,2.4,9,Shrub,315,222,207,77,3
2017,Mojave,2.4,9,Open,,,,15,2
2017,Mojave,2.4,10,Shrub,305,249,149,49,5
2017,Mojave,2.4,10,Open,,,,18,3
2017,Mojave,2.4,11,Shrub,278,216,179,59,5
2017,Mojave,2.4,11,Open,,,,15,3
2017,Mojave,2.4,12,Shrub,282,357,151,59,5
2017,Mojave,2.4,12,Open,,,,14,4
2017,Mojave,2.4,13,Shrub,269,276,190,40,5
2017,Mojave,2.4,13,Open,,,,18,4
2017,Mojave,2.4,14,Shrub,197,280,296,81,4
2017,Mojave,2.4,14,Open,,,,38,4
2017,Mojave,2.4,15,Shrub,326,344,197,59,4
2017,Mojave,2.4,15,Open,,,,17,4
2017,Mojave,2.4,16,Shrub,273,240,163,45,4
2017,Mojave,2.4,16,Open,,,,18,2
2017,Mojave,2.4,17,Shrub,222,179,120,57,5
2017,Mojave,2.4,17,Open,,,,37,3
2017,Mojave,2.4,18,Shrub,227,256,140,41,5
2017,Mojave,2.4,18,Open,,,,5,3
2017,Mojave,2.4,19,Shrub,254,220,157,28,4
2017,Mojave,2.4,19,Open,,,,9,3
2017,Mojave,2.4,20,Shrub,352,341,207,57,6
2017,Mojave,2.4,20,Open,,,,12,2
2017,Mojave,2.4,21,Shrub,246,279,147,46,4
2017,Mojave,2.4,21,Open,,,,13,2
2017,Mojave,2.4,22,Shrub,186,153,98,61,4
2017,Mojave,2.4,22,Open,,,,23,4
2017,Mojave,2.4,23,Shrub,241,220,119,71,4
2017,Mojave,2.4,23,Open,,,,22,3
2017,Mojave,2.4,24,Shrub,232,163,165,43,3
2017,Mojave,2.4,24,Open,,,,4,2
2017,Mojave,2.4,25,Shrub,265,268,189,57,4
2017,Mojave,2.4,25,Open,,,,15,2
2017,Mojave,2.4,26,Shrub,244,375,178,45,6
2017,Mojave,2.4,26,Open,,,,10,4
2017,Mojave,2.4,27,Shrub,342,344,168,54,6
2017,Mojave,2.4,27,Open,,,,22,3
2017,Mojave,2.4,28,Shrub,331,271,179,81,3
2017,Mojave,2.4,28,Open,,,,18,3
2017,Mojave,2.4,29,Shrub,266,246,179,61,2
2017,Mojave,2.4,29,Open,,,,30,2
2017,Mojave,2.4,30,Shrub,217,179,174,33,5
2017,Mojave,2.4,30,Open,,,,13,3
2017,Mojave,2.5,1,Shrub,272,266,135,38,2
2017,Mojave,2.5,1,Open,,,,5,2
2017,Mojave,2.5,2,Shrub,246,291,166,62,3
2017,Mojave,2.5,2,Open,,,,9,3
2017,Mojave,2.5,3,Shrub,199,223,180,47,4
2017,Mojave,2.5,3,Open,,,,13,2
2017,Mojave,2.5,4,Shrub,184,262,185,39,2
2017,Mojave,2.5,4,Open,,,,13,2
2017,Mojave,2.5,5,Shrub,312,197,181,50,3
2017,Mojave,2.5,5,Open,,,,17,1
2017,Mojave,2.5,6,Shrub,261,150,169,40,4
2017,Mojave,2.5,6,Open,,,,5,2
2017,Mojave,2.5,7,Shrub,147,193,141,44,4
2017,Mojave,2.5,7,Open,,,,9,1
2017,Mojave,2.5,8,Shrub,222,149,166,48,3
2017,Mojave,2.5,8,Open,,,,7,3
2017,Mojave,2.5,9,Shrub,211,190,140,52,3
2017,Mojave,2.5,9,Open,,,,13,2
2017,Mojave,2.5,10,Shrub,118,285,186,70,4
2017,Mojave,2.5,10,Open,,,,10,2
2017,Mojave,2.5,11,Shrub,322,390,195,29,2
2017,Mojave,2.5,11,Open,,,,8,1
2017,Mojave,2.5,12,Shrub,204,195,151,34,3
2017,Mojave,2.5,12,Open,,,,16,1
2017,Mojave,2.5,13,Shrub,253,254,149,51,3
2017,Mojave,2.5,13,Open,,,,4,2
2017,Mojave,2.5,14,Shrub,295,321,141,61,1
2017,Mojave,2.5,14,Open,,,,19,1
2017,Mojave,2.5,15,Shrub,262,282,143,47,1
2017,Mojave,2.5,15,Open,,,,11,1
2017,Mojave,2.5,16,Shrub,298,310,150,38,2
2017,Mojave,2.5,16,Open,,,,8,1
2017,Mojave,2.5,17,Shrub,255,208,144,46,2
2017,Mojave,2.5,17,Open,,,,5,1
2017,Mojave,2.5,18,Shrub,320,256,169,47,2
2017,Mojave,2.5,18,Open,,,,2,2
2017,Mojave,2.5,19,Shrub,196,167,119,47,3
2017,Mojave,2.5,19,Open,,,,2,1
2017,Mojave,2.5,20,Shrub,266,326,130,65,4
2017,Mojave,2.5,20,Open,,,,23,4
2017,Mojave,2.5,21,Shrub,275,389,140,43,3
2017,Mojave,2.5,21,Open,,,,6,2
2017,Mojave,2.5,22,Shrub,227,295,130,32,2
2017,Mojave,2.5,22,Open,,,,4,2
2017,Mojave,2.5,23,Shrub,283,313,166,53,4
2017,Mojave,2.5,23,Open,,,,13,3
2017,Mojave,2.5,24,Shrub,235,231,130,51,2
2017,Mojave,2.5,24,Open,,,,16,2
2017,Mojave,2.5,25,Shrub,269,170,166,66,3
2017,Mojave,2.5,25,Open,,,,15,1
2017,Mojave,2.5,26,Shrub,276,270,155,69,3
2017,Mojave,2.5,26,Open,,,,16,2
2017,Mojave,2.5,27,Shrub,284,196,199,47,4
2017,Mojave,2.5,27,Open,,,,21,4
2017,Mojave,2.5,28,Shrub,315,306,150,74,2
2017,Mojave,2.5,28,Open,,,,8,1
2017,Mojave,2.5,29,Shrub,378,372,164,56,3
2017,Mojave,2.5,29,Open,,,,8,1
2017,Mojave,2.5,30,Shrub,31,327,196,46,1
2017,Mojave,2.5,30,Open,,,,5,1
2017,Panoche,1.1,1,Shrub,2.23,2.4,1.12,221,1
2017,Panoche,1.1,1,Open,,,,175,3
2017,Panoche,1.1,2,Shrub,2.63,2.9,1.07,192,1
2017,Panoche,1.1,2,Open,,,,161,4
2017,Panoche,1.1,3,Shrub,3.25,2.2,1.3,167,1
2017,Panoche,1.1,3,Open,,,,142,2
2017,Panoche,1.1,4,Shrub,3.05,2.5,0.9,112,1
2017,Panoche,1.1,4,Open,,,,143,3
2017,Panoche,1.1,5,Shrub,2.95,1.6,1.1,179,1
2017,Panoche,1.1,5,Open,,,,162,3
2017,Panoche,1.1,6,Shrub,2.45,2.3,1.15,212,1
2017,Panoche,1.1,6,Open,,,,146,3
2017,Panoche,1.1,7,Shrub,2.3,2.5,1.3,241,1
2017,Panoche,1.1,7,Open,,,,141,3
2017,Panoche,1.1,8,Shrub,1.6,1.45,1.3,77,2
2017,Panoche,1.1,8,Open,,,,129,2
2017,Panoche,1.1,9,Shrub,1.8,1.4,0.9,92,1
2017,Panoche,1.1,9,Open,,,,131,2
2017,Panoche,1.1,10,Shrub,1.9,2,1.05,211,1
2017,Panoche,1.1,10,Open,,,,205,3
2017,Panoche,1.1,11,Shrub,1.85,2.05,1.1,245,1
2017,Panoche,1.1,11,Open,,,,185,2
2017,Panoche,1.1,12,Shrub,2.8,2.75,1.2,250,1
2017,Panoche,1.1,12,Open,,,,163,3
2017,Panoche,1.1,13,Shrub,1.1,1.25,0.95,101,2
2017,Panoche,1.1,13,Open,,,,170,2
2017,Panoche,1.1,14,Shrub,3.3,1.65,1.2,244,1
2017,Panoche,1.1,14,Open,,,,128,3
2017,Panoche,1.1,15,Shrub,2.8,2.1,1.35,264,1
2017,Panoche,1.1,15,Open,,,,131,4
2017,Panoche,1.1,16,Shrub,3.1,2.85,1.25,266,1
2017,Panoche,1.1,16,Open,,,,116,3
2017,Panoche,1.1,17,Shrub,2.35,2.8,1.2,211,1
2017,Panoche,1.1,17,Open,,,,169,2
2017,Panoche,1.1,18,Shrub,3.64,4.73,1.9,260,1
2017,Panoche,1.1,18,Open,,,,143,2
2017,Panoche,1.1,19,Shrub,1.6,1.45,0.9,170,1
2017,Panoche,1.1,19,Open,,,,136,2
2017,Panoche,1.1,20,Shrub,3.39,4.24,1.8,198,1
2017,Panoche,1.1,20,Open,,,,148,2
2017,Panoche,1.1,21,Shrub,3.5,4.35,1.65,330,1
2017,Panoche,1.1,21,Open,,,,129,3
2017,Panoche,1.1,22,Shrub,2.94,2.72,1.4,216,1
2017,Panoche,1.1,22,Open,,,,117,3
2017,Panoche,1.1,23,Shrub,2.9,2.44,1.37,296,1
2017,Panoche,1.1,23,Open,,,,140,3
2017,Panoche,1.1,24,Shrub,3.59,3.05,1.1,258,2
2017,Panoche,1.1,24,Open,,,,165,4
2017,Panoche,1.1,25,Shrub,3.05,2.88,1.59,266,1
2017,Panoche,1.1,25,Open,,,,134,2
2017,Panoche,1.1,26,Shrub,3.5,2.64,1.84,240,1
2017,Panoche,1.1,26,Open,,,,186,2
2017,Panoche,1.1,27,Shrub,2.7,3.94,1.63,286,1
2017,Panoche,1.1,27,Open,,,,172,3
2017,Panoche,1.1,28,Shrub,3.52,4.27,1.74,217,1
2017,Panoche,1.1,28,Open,,,,200,3
2017,Panoche,1.1,29,Shrub,2.13,3.73,1.31,268,2
2017,Panoche,1.1,29,Open,,,,137,2
2017,Panoche,1.1,30,Shrub,2.53,3.16,1.37,219,2
2017,Panoche,1.1,30,Open,,,,116,2
2017,Panoche,1.2,1,Shrub,2.49,1.8,0.87,109,2
2017,Panoche,1.2,1,Open,,,,119,5
2017,Panoche,1.2,2,Shrub,1.98,2.31,0.63,129,3
2017,Panoche,1.2,2,Open,,,,78,4
2017,Panoche,1.2,3,Shrub,3.44,2.38,1.22,149,4
2017,Panoche,1.2,3,Open,,,,47,4
2017,Panoche,1.2,4,Shrub,2.13,3.02,0.85,181,3
2017,Panoche,1.2,4,Open,,,,74,4
2017,Panoche,1.2,5,Shrub,1.69,2.27,1.36,148,1
2017,Panoche,1.2,5,Open,,,,68,5
2017,Panoche,1.2,6,Shrub,1.49,2.38,0.96,147,4
2017,Panoche,1.2,6,Open,,,,81,5
2017,Panoche,1.2,7,Shrub,3.22,1.89,1.25,161,1
2017,Panoche,1.2,7,Open,,,,55,4
2017,Panoche,1.2,8,Shrub,2.25,1.85,1.32,89,1
2017,Panoche,1.2,8,Open,,,,57,5
2017,Panoche,1.2,9,Shrub,2.02,2.85,1.29,150,1
2017,Panoche,1.2,9,Open,,,,87,3
2017,Panoche,1.2,10,Shrub,1.65,1.72,1.04,139,3
2017,Panoche,1.2,10,Open,,,,85,4
2017,Panoche,1.2,11,Shrub,1.8,1.43,1.06,202,3
2017,Panoche,1.2,11,Open,,,,79,4
2017,Panoche,1.2,12,Shrub,2.2,2.08,0.55,123,3
2017,Panoche,1.2,12,Open,,,,87,4
2017,Panoche,1.2,13,Shrub,1.8,2,1.36,213,1
2017,Panoche,1.2,13,Open,,,,61,4
2017,Panoche,1.2,14,Shrub,3.2,3.11,1.49,110,3
2017,Panoche,1.2,14,Open,,,,39,4
2017,Panoche,1.2,15,Shrub,3.1,2.49,1.5,134,1
2017,Panoche,1.2,15,Open,,,,78,5
2017,Panoche,1.2,16,Shrub,1.2,1.86,0.9,182,4
2017,Panoche,1.2,16,Open,,,,75,5
2017,Panoche,1.2,17,Shrub,2.46,2.49,1.22,70,4
2017,Panoche,1.2,17,Open,,,,74,6
2017,Panoche,1.2,18,Shrub,2.16,2.39,1.39,207,1
2017,Panoche,1.2,18,Open,,,,68,5
2017,Panoche,1.2,19,Shrub,2.26,2.07,0.87,180,3
2017,Panoche,1.2,19,Open,,,,37,5
2017,Panoche,1.2,20,Shrub,2.2,2.53,1.2,216,3
2017,Panoche,1.2,20,Open,,,,65,4
2017,Panoche,1.2,21,Shrub,2.46,2.98,1.03,98,1
2017,Panoche,1.2,21,Open,,,,75,4
2017,Panoche,1.2,22,Shrub,1.38,1.55,0.69,183,1
2017,Panoche,1.2,22,Open,,,,95,4
2017,Panoche,1.2,23,Shrub,2.12,2.93,1.43,127,4
2017,Panoche,1.2,23,Open,,,,62,6
2017,Panoche,1.2,24,Shrub,2.1,3.46,1.43,75,1
2017,Panoche,1.2,24,Open,,,,91,4
2017,Panoche,1.2,25,Shrub,2.58,3.08,1.32,165,1
2017,Panoche,1.2,25,Open,,,,77,3
2017,Panoche,1.2,26,Shrub,1.87,1.27,0.99,179,1
2017,Panoche,1.2,26,Open,,,,124,5
2017,Panoche,1.2,27,Shrub,2.1,2.02,1.31,112,1
2017,Panoche,1.2,27,Open,,,,68,5
2017,Panoche,1.2,28,Shrub,2.26,1.49,1.01,175,3
2017,Panoche,1.2,28,Open,,,,26,5
2017,Panoche,1.2,29,Shrub,2.34,1.77,0.82,210,1
2017,Panoche,1.2,29,Open,,,,71,5
2017,Panoche,1.2,30,Shrub,2.13,1.94,1.3,101,2
2017,Panoche,1.2,30,Open,,,,126,5
2017,Panoche,1.3,1,Shrub,4.64,3.87,1.64,235,1
2017,Panoche,1.3,1,Open,,,,82,4
2017,Panoche,1.3,2,Shrub,3.36,2.57,1.59,198,1
2017,Panoche,1.3,2,Open,,,,124,4
2017,Panoche,1.3,3,Shrub,4.26,2.17,1.76,229,1
2017,Panoche,1.3,3,Open,,,,92,4
2017,Panoche,1.3,4,Shrub,1.37,1.08,0.58,251,1
2017,Panoche,1.3,4,Open,,,,167,4
2017,Panoche,1.3,5,Shrub,3.47,2.51,1.41,232,1
2017,Panoche,1.3,5,Open,,,,126,3
2017,Panoche,1.3,6,Shrub,4.44,4,1.96,196,1
2017,Panoche,1.3,6,Open,,,,91,4
2017,Panoche,1.3,7,Shrub,2.55,1.97,1.17,238,2
2017,Panoche,1.3,7,Open,,,,145,3
2017,Panoche,1.3,8,Shrub,2.46,2.17,1.81,278,1
2017,Panoche,1.3,8,Open,,,,239,3
2017,Panoche,1.3,9,Shrub,1.58,1.98,1.21,246,1
2017,Panoche,1.3,9,Open,,,,198,3
2017,Panoche,1.3,10,Shrub,5.64,4.82,2.48,296,1
2017,Panoche,1.3,10,Open,,,,216,2
2017,Panoche,1.3,11,Shrub,2.42,2.59,1.72,244,1
2017,Panoche,1.3,11,Open,,,,155,2
2017,Panoche,1.3,12,Shrub,3.87,4.73,1.68,191,1
2017,Panoche,1.3,12,Open,,,,193,3
2017,Panoche,1.3,13,Shrub,4.72,4.07,1.84,214,1
2017,Panoche,1.3,13,Open,,,,156,3
2017,Panoche,1.3,14,Shrub,2.57,3.55,1.69,149,2
2017,Panoche,1.3,14,Open,,,,192,3
2017,Panoche,1.3,15,Shrub,2.01,1.48,0.55,161,1
2017,Panoche,1.3,15,Open,,,,185,4
2017,Panoche,1.3,16,Shrub,2.97,3.2,1.43,231,1
2017,Panoche,1.3,16,Open,,,,204,3
2017,Panoche,1.3,17,Shrub,1.91,1.84,1.21,259,1
2017,Panoche,1.3,17,Open,,,,129,3
2017,Panoche,1.3,18,Shrub,4.86,4.55,1.57,347,1
2017,Panoche,1.3,18,Open,,,,195,2
2017,Panoche,1.3,19,Shrub,1.68,3.26,0.89,233,1
2017,Panoche,1.3,19,Open,,,,208,4
2017,Panoche,1.3,20,Shrub,2.81,2.64,0.92,174,2
2017,Panoche,1.3,20,Open,,,,123,3
2017,Panoche,1.3,21,Shrub,3.49,3.64,1.57,204,1
2017,Panoche,1.3,21,Open,,,,197,2
2017,Panoche,1.3,22,Shrub,1.53,3.38,0.69,206,1
2017,Panoche,1.3,22,Open,,,,199,4
2017,Panoche,1.3,23,Shrub,3.93,2.61,1.17,312,1
2017,Panoche,1.3,23,Open,,,,140,3
2017,Panoche,1.3,24,Shrub,3.21,2.79,1.52,180,2
2017,Panoche,1.3,24,Open,,,,197,4
2017,Panoche,1.3,25,Shrub,2.48,2.81,1.62,152,2
2017,Panoche,1.3,25,Open,,,,163,3
2017,Panoche,1.3,26,Shrub,3.61,1.98,1.8,301,1
2017,Panoche,1.3,26,Open,,,,176,3
2017,Panoche,1.3,27,Shrub,5.64,6.03,2.07,312,1
2017,Panoche,1.3,27,Open,,,,177,2
2017,Panoche,1.3,28,Shrub,2.86,3.55,1.36,169,1
2017,Panoche,1.3,28,Open,,,,254,3
2017,Panoche,1.3,29,Shrub,3.34,2.57,1.22,169,2
2017,Panoche,1.3,29,Open,,,,157,4
2017,Panoche,1.3,30,Shrub,2.2,2.17,1.36,220,1
2017,Panoche,1.3,30,Open,,,,233,2
