year,Region,Site,Rep,Microsite,D1,D2,H,Abundance,richness,S.barbatus,B.rubens,E.cicutarium,B.hordeaceus,P.secunda,D.kelloggii,P.ovata,C.barbigera,L.gracilis,C.exserta,A.wrangelianus,D.capitatum,Pectocarya spp.,E.penduliflora,A.tessellata,A.adscensionis,C.fremontii,E.minutiflora,P.membranaceum,L.lasiocarpa,M.glabrata,R.neomexicana,E.eremicum,C.rigida,P.crenulata,E.wallacei,C.brevipes,C.claviformis,Eriogonum spp.,Monoptilon spp.,E.exilis,
2016,Mojave,2.5,1,Shrub,1.5,1.4,1.2,16,3,1,12,,,,,,,,,,,3,,,,,,,,,,,,,,,,,,,
2016,Mojave,2.5,1,Open,,,,15,4,3,9,,,,,,,,,,,2,,,,,,,,,,,,,,,,,1,,
2016,Mojave,2.5,2,Shrub,3.5,2.5,1.5,18,3,,15,,,,,,,,,,,1,,,,,,,,,,,,,,,,,2,,
2016,Mojave,2.5,2,Open,,,,6,3,,3,,,,,,,,,,,,,,,,,,1,,,,,,,,,2,,,
2016,Mojave,2.5,3,Shrub,1.8,1.7,1.3,11,4,2,3,,,,,,1,,,,,5,,,,,,,,,,,,,,,,,,,
2016,Mojave,2.5,3,Open,,,,2,1,,2,,,,,,,,,,,,,,,,,,,,,,,,,,,,,,
2016,Mojave,2.5,4,Shrub,2.9,2.8,1.5,11,4,,5,,,,,,3,,,,,1,,,,,,2,,,,,,,,,,,,,
2016,Mojave,2.5,4,Open,,,,2,2,,1,,,,,,,,,,,1,,,,,,,,,,,,,,,,,,,
2016,Mojave,2.5,5,Shrub,2.4,2.5,1.5,29,3,6,19,,,,,,,,,,,4,,,,,,,,,,,,,,,,,,,
2016,Mojave,2.5,5,Open,,,,16,4,2,12,1,,,,,,,,,,,,,,,,,,,,,,,,,,1,,,
2016,Mojave,2.5,6,Shrub,2.9,1.8,1.8,32,4,7,22,1,,,,,,,,,,,,,,,,,,,,,,,,,,,2,,
2016,Mojave,2.5,6,Open,,,,7,4,1,3,2,,,,,,,,,,,,,,,,,1,,,,,,,,,,,,
2016,Mojave,2.5,7,Shrub,1.8,1.7,1.5,31,5,4,20,2,,,,,,,,,,3,,,,,,,,,,,,,,,,2,,,
2016,Mojave,2.5,7,Open,,,,3,2,,2,,,,,,1,,,,,,,,,,,,,,,,,,,,,,,,
2016,Mojave,2.5,8,Shrub,2.7,2.1,1.4,39,3,,36,2,,,,,,,,,,,,,,,,,,,,,,,,,,1,,,
2016,Mojave,2.5,8,Open,,,,9,3,2,5,2,,,,,,,,,,,,,,,,,,,,,,,,,,,,,
2016,Mojave,2.5,9,Shrub,2.3,1.4,1.2,39,4,7,29,,,,,,1,,,,,,,,,,,,,,,,,,,,,2,,,
2016,Mojave,2.5,9,Open,,,,8,2,,6,,,,,,,,,,,,,,,,,,2,,,,,,,,,,,,
2016,Mojave,2.5,10,Shrub,2.7,2.8,1.7,25,4,3,18,2,,,,,,,,,,,,,,,,,,,,,,2,,,,,,,
2016,Mojave,2.5,10,Open,,,,0,0,,,,,,,,,,,,,,,,,,,,,,,,,,,,,,,,
2016,Mojave,2.5,11,Shrub,3.7,1.8,2,47,3,,43,2,,,,,,,,,,,,,,,,,,,,,,,,,,2,,,
2016,Mojave,2.5,11,Open,,,,1,1,,1,,,,,,,,,,,,,,,,,,,,,,,,,,,,,,
2016,Mojave,2.5,12,Shrub,2.2,1.3,1.2,41,5,3,31,3,,,,,,,,,,3,,1,,,,,,,,,,,,,,,,,
2016,Mojave,2.5,12,Open,,,,1,1,,1,,,,,,,,,,,,,,,,,,,,,,,,,,,,,,
2016,Mojave,2.5,13,Shrub,1.8,1.8,1.5,17,4,,12,3,,,,1,,,,,,,,,,,,,1,,,,,,,,,,,,
2016,Mojave,2.5,13,Open,,,,16,4,2,9,4,,,,,,,,,,,,,,,,,,,,,,,,,,,1,,
2016,Mojave,2.5,14,Shrub,1.6,1.4,1.5,23,4,,17,2,,,,,,,,,,3,,1,,,,,,,,,,,,,,,,,
2016,Mojave,2.5,14,Open,,,,10,2,,8,,,,,,,,,,,2,,,,,,,,,,,,,,,,,,,
2016,Mojave,2.5,15,Shrub,2.9,1.8,1.5,34,6,2,23,,,,,,,,,,,6,,1,,,,,,,,,,1,,,,1,,,
2016,Mojave,2.5,15,Open,,,,10,3,7,2,,,,,,,,,,,,,,,,,,,,,,,1,,,,,,,
2016,Mojave,2.5,16,Shrub,1.2,1.6,1.3,29,5,6,17,,,,,,2,,,,,3,,,,,,,,,,,,,,,,1,,,
2016,Mojave,2.5,16,Open,,,,14,3,,6,4,,,,,,,,,,4,,,,,,,,,,,,,,,,,,,
2016,Mojave,2.5,17,Shrub,1.4,1.4,1.4,29,6,2,16,,,,,1,6,,,,,,,,,,,,2,,,,,,,,,,2,,
2016,Mojave,2.5,17,Open,,,,3,2,,2,,,,,,,,,,,,,,,,,,1,,,,,,,,,,,,
2016,Mojave,2.5,18,Shrub,2.4,3.3,1.5,54,3,,46,,,,,,,,,,,7,,,,,,,1,,,,,,,,,,,,
2016,Mojave,2.5,18,Open,,,,0,0,,,,,,,,,,,,,,,,,,,,,,,,,,,,,,,,
2016,Mojave,2.5,19,Shrub,3.4,2.8,1.3,37,5,10,19,,,,,,,,,,,3,,1,,,,,4,,,,,,,,,,,,
2016,Mojave,2.5,19,Open,,,,14,3,,7,,,,,,,,,,,3,,,,,,,4,,,,,,,,,,,,
2016,Mojave,2.5,20,Shrub,1.9,1.8,1.5,35,6,7,22,1,,,,,2,,,,,2,,,,,,,,,,,,1,,,,,,,
2016,Mojave,2.5,20,Open,,,,18,5,1,9,2,,,,,,,,,,5,,,,,,,,,,,,1,,,,,,,
2016,Mojave,2.5,21,Shrub,2.4,3.2,1.2,32,4,,28,,,,,,,,,,,2,,,,,,,1,,,,,1,,,,,,,
2016,Mojave,2.5,21,Open,,,,0,0,,,,,,,,,,,,,,,,,,,,,,,,,,,,,,,,
2016,Mojave,2.5,22,Shrub,3.2,1.7,1.5,28,6,2,16,,,,,,,,,,,6,,,,,,,1,,,,1,,,,,2,,,
2016,Mojave,2.5,22,Open,,,,6,2,,5,,,,,,,,,,,,,,,,,,,,,,1,,,,,,,,
2016,Mojave,2.5,23,Shrub,1.6,1.9,1.5,18,4,4,8,,,,,,,,,,,4,,,,,,2,,,,,,,,,,,,,
2016,Mojave,2.5,23,Open,,,,18,1,,18,,,,,,,,,,,,,,,,,,,,,,,,,,,,,,
2016,Mojave,2.5,24,Shrub,1.7,1.5,1.6,12,4,,6,3,,,,,,,,,,2,,,,,,1,,,,,,,,,,,,,
2016,Mojave,2.5,24,Open,,,,47,4,,40,,,,,,,,,,,4,,,,,,1,,,,,,,,,,2,,,
2016,Mojave,2.5,25,Shrub,1.8,1.9,1.9,58,4,,51,2,,,,,,,,,,3,,,,,,,2,,,,,,,,,,,,
2016,Mojave,2.5,25,Open,,,,24,3,,18,3,,,,,,,,,,,,,,,,,,,,,3,,,,,,,,
2016,Mojave,2.5,26,Shrub,1.8,1.8,1,31,3,,21,,,,,,,,,,,7,,,,,,,,,,,,,,,,,3,,
2016,Mojave,2.5,26,Open,,,,1,1,,1,,,,,,,,,,,,,,,,,,,,,,,,,,,,,,
2016,Mojave,2.5,27,Shrub,2.3,1.9,1.4,26,4,,13,,,,,,,,,,,3,,,,,,,,,,,9,,,,,1,,,
2016,Mojave,2.5,27,Open,,,,7,3,,4,,,,,,,,,,,,,,,,,,1,,,,,,,,,2,,,
2016,Mojave,2.5,28,Shrub,3,1.7,1.4,44,4,6,30,1,,,,,,,,,,7,,,,,,,,,,,,,,,,,,,
2016,Mojave,2.5,28,Open,,,,8,3,,3,3,,,,,,,,,,,,,,,,,,,,,2,,,,,,,,
2016,Mojave,2.5,29,Shrub,2.3,2.7,1.2,7,3,,2,2,,,,,,,,,,,,3,,,,,,,,,,,,,,,,,
2016,Mojave,2.5,29,Open,,,,0,0,,,,,,,,,,,,,,,,,,,,,,,,,,,,,,,,
2016,Mojave,2.5,30,Shrub,2.8,3.3,1.4,24,3,21,,,,,,,,,,,,2,,,,,,,,,,,,,,,,1,,,
2016,Mojave,2.5,30,Open,,,,1,1,,1,,,,,,,,,,,,,,,,,,,,,,,,,,,,,,
2016,Mojave,2.4,1,Shrub,3.4,2.5,1.9,30,6,17,6,,,,,,1,,,,,,,1,,1,,,,4,,,,,,,,,,,
2016,Mojave,2.4,1,Open,,,,8,2,5,,,,,,,,,,,,,,,,,,,,,,,,,3,,,,,,
2016,Mojave,2.4,2,Shrub,1.4,1.1,1,12,5,2,,,,,,,3,,,,,,,,,,,,,2,,,,,1,,4,,,,
2016,Mojave,2.4,2,Open,,,,31,3,17,,,,,,,,,,,,1,,,,,,,,,,,,,13,,,,,,
2016,Mojave,2.4,3,Shrub,2.9,1.4,1.4,39,5,12,,,,,,,2,,,,,10,,,,,,,1,,,,,,14,,,,,,
2016,Mojave,2.4,3,Open,,,,9,4,,,,,,,,1,,,,,,,,,,,,2,,,,,,3,,3,,,,
2016,Mojave,2.4,4,Shrub,2.1,1.8,1.7,45,7,21,6,,,,,,3,,,,,7,,,,2,,,,3,,,,,3,,,,,,
2016,Mojave,2.4,4,Open,,,,9,4,6,1,,,,,,,,,,,,,,,1,,,,,,,,,1,,,,,,
2016,Mojave,2.4,5,Shrub,1.9,1.7,1.8,27,1,27,,,,,,,,,,,,,,,,,,,,,,,,,,,,,,,
2016,Mojave,2.4,5,Open,,,,0,0,,,,,,,,,,,,,,,,,,,,,,,,,,,,,,,,
2016,Mojave,2.4,6,Shrub,2.5,1.8,1.4,10,4,4,,1,,,,,,,,,,4,,,,,,,,,,,,,,,,1,,,
2016,Mojave,2.4,6,Open,,,,28,3,24,,,,,,,,,,,,3,,,,,,,,,,,,,1,,,,,,
2016,Mojave,2.4,7,Shrub,3.3,2.8,1.5,59,5,49,,1,,,,,,,,,,4,,1,,,,,4,,,,,,,,,,,,
2016,Mojave,2.4,7,Open,,,,5,2,3,,,,,,,,,,,,,,,,,,,,,,,,,2,,,,,,
2016,Mojave,2.4,8,Shrub,2.1,2.3,1.8,55,4,51,,2,,,,,,,,,,,,1,,,,,,,,,,1,,,,,,,
2016,Mojave,2.4,8,Open,,,,9,4,4,,,,,,,,,,,,2,,,,,,,,,,,,,2,,,1,,,
2016,Mojave,2.4,9,Shrub,2.9,2.3,1.2,66,7,51,4,4,,,,,,,,,,,,,,2,,,,2,,,,,2,,1,,,,
2016,Mojave,2.4,9,Open,,,,6,2,,,,,,,,,,,,,2,,,,,,,,,,,,,4,,,,,,
2016,Mojave,2.4,10,Shrub,2.5,2.4,2.5,79,5,69,,4,,,,,,,,,,,,,,,,,1,1,,,,,,,4,,,,
2016,Mojave,2.4,10,Open,,,,23,4,12,1,,,,,,,,,,,4,,,,,,,,,,,,,6,,,,,,
2016,Mojave,2.4,11,Shrub,3.9,2.4,2.2,47,3,44,,,,,,,2,,,,,,,,,,,,,,,,,1,,,,,,,
2016,Mojave,2.4,11,Open,,,,9,3,,,,,,,,,,,,,5,,,,1,,,,,,,,,3,,,,,,
2016,Mojave,2.4,12,Shrub,2.8,2.1,1.4,12,4,8,,,,,,,,,,,,,,,,2,,,,1,,,,,,,1,,,,
2016,Mojave,2.4,12,Open,,,,12,3,,,,,,,,,,,,,6,,,,2,,,,,,,,,4,,,,,,
2016,Mojave,2.4,13,Shrub,3,2.4,1.5,39,4,32,,,,,,,2,,,,,4,,1,,,,,,,,,,,,,,,,,
2016,Mojave,2.4,13,Open,,,,1,1,,,,,,,,,,,,,,,,,,,,,,,,,,1,,,,,,
2016,Mojave,2.4,14,Shrub,2.9,2.4,1.9,33,7,19,2,2,,,,,1,,,,,,,,,2,,,,4,,,,,3,,,,,,
2016,Mojave,2.4,14,Open,,,,3,2,,,,,,,,,,,,,2,,,,,,,1,,,,,,,,,,,,
2016,Mojave,2.4,15,Shrub,3.3,1.7,1.4,50,5,38,,3,,,,,,,,,,3,,,,2,,,4,,,,,,,,,,,,
2016,Mojave,2.4,15,Open,,,,13,3,7,,,,,,,,,,,,2,,,,,,,4,,,,,,,,,,,,
2016,Mojave,2.4,16,Shrub,1.8,1,1.3,80,5,76,,,,,,,,,,,,1,,,,1,,,1,1,,,,,,,,,,,
2016,Mojave,2.4,16,Open,,,,12,3,,,,,,,,,,,,,10,,,,,,,1,,,,,,1,,,,,,
2016,Mojave,2.4,17,Shrub,2.4,1.6,1.2,25,4,21,,,,,,,1,,,,,2,,,,1,,,,,,,,,,,,,,,
2016,Mojave,2.4,17,Open,,,,16,2,4,,,,,,,,,,,,12,,,,,,,,,,,,,,,,,,,
2016,Mojave,2.4,18,Shrub,2.9,1.5,1.6,81,1,81,,,,,,,,,,,,,,,,,,,,,,,,,,,,,,,
2016,Mojave,2.4,18,Open,,,,4,2,,,,,,,,,,,,,2,,,,,,,,,,,,,2,,,,,,
2016,Mojave,2.4,19,Shrub,2.7,1.8,1.5,78,4,72,,,,,,,,,,,,4,,,,1,,,,1,,,,,,,,,,,
2016,Mojave,2.4,19,Open,,,,7,2,4,,,,,,,,,,,,3,,,,,,,,,,,,,,,,,,,
2016,Mojave,2.4,20,Shrub,2.3,2.4,1.5,33,8,19,,1,,,,,3,,,,,3,,3,,2,,,,1,,,,,1,,,,,,
2016,Mojave,2.4,20,Open,,,,2,1,,,,,,,,,,,,,2,,,,,,,,,,,,,,,,,,,
2016,Mojave,2.4,21,Shrub,2.6,3.8,1.1,34,6,21,7,,,,,,,,,,,,,1,,,,,2,1,,,,,,,2,,,,
2016,Mojave,2.4,21,Open,,,,2,2,,1,,,,,,,,,,,,,,,,,,,,,,,,1,,,,,,
2016,Mojave,2.4,22,Shrub,3.5,2.5,2.2,45,5,27,,,,,,,1,,,,,15,,1,,,,,,1,,,,,,,,,,,
2016,Mojave,2.4,22,Open,,,,5,3,1,,,,,,,,,,,,2,,,,,,,2,,,,,,,,,,,,
2016,Mojave,2.4,23,Shrub,2.1,2.3,1.4,17,4,12,,2,,,,,,,,,,,,1,,2,,,,,,,,,,,,,,,
2016,Mojave,2.4,23,Open,,,,2,1,,2,,,,,,,,,,,,,,,,,,,,,,,,,,,,,,
2016,Mojave,2.4,24,Shrub,1.6,1.7,1.4,60,5,38,12,,,,,,3,,,,,4,,,,,,,,3,,,,,,,,,,,
2016,Mojave,2.4,24,Open,,,,15,4,3,,4,,,,,,,,,,,,,,,,,,,,,,,4,,,,4,,
2016,Mojave,2.4,25,Shrub,3.4,3.1,2.1,91,2,86,,,,,,,,,,,,,,,,5,,,,,,,,,,,,,,,
2016,Mojave,2.4,25,Open,,,,0,0,,,,,,,,,,,,,,,,,,,,,,,,,,,,,,,,
2016,Mojave,2.4,26,Shrub,2.2,2.6,1.2,33,4,27,,,,,,,4,,,,,,,,,1,,,,,,,,,1,,,,,,
2016,Mojave,2.4,26,Open,,,,1,1,1,,,,,,,,,,,,,,,,,,,,,,,,,,,,,,,
2016,Mojave,2.4,27,Shrub,3.2,2.6,1.5,37,4,31,,1,,,,,,,,,,3,,,,,,,2,,,,,,,,,,,,
2016,Mojave,2.4,27,Open,,,,24,2,18,,,,,,,,,,,,6,,,,,,,,,,,,,,,,,,,
2016,Mojave,2.4,28,Shrub,2.9,2.2,1.3,0,0,,,,,,,,,,,,,,,,,,,,,,,,,,,,,,,,
2016,Mojave,2.4,28,Open,,,,18,2,12,,,,,,,,,,,,6,,,,,,,,,,,,,,,,,,,
2016,Mojave,2.4,29,Shrub,3.7,3.8,1.5,15,4,,,,,,,,,,,,,,,,,1,,,1,2,,,,,11,,,,,,
2016,Mojave,2.4,29,Open,,,,4,2,3,,,,,,,,,,,,,,,,1,,,,,,,,,,,,,,,
2016,Mojave,2.4,30,Shrub,3.8,3.7,1.8,14,5,3,,2,,,,,,,,,,6,,,,2,,,,1,,,,,,,,,,,
2016,Mojave,2.4,30,Open,,,,13,2,12,,,,,,,,,,,,1,,,,,,,,,,,,,,,,,,,
2016,Mojave,2.3,1,Shrub,2.2,1.8,1.6,57,1,,57,,,,,,,,,,,,,,,,,,,,,,,,,,,,,,
2016,Mojave,2.3,1,Open,,,,10,2,,6,,,,,,4,,,,,,,,,,,,,,,,,,,,,,,,
2016,Mojave,2.3,2,Shrub,2.5,2.5,1.3,50,2,,47,,,,,,,,,,,,,,,,,,3,,,,,,,,,,,,
2016,Mojave,2.3,2,Open,,,,27,3,,24,,,,,,,,,,,1,,,,,,,2,,,,,,,,,,,,
2016,Mojave,2.3,3,Shrub,1.4,1.5,1.4,31,4,,25,,,,,,3,,,,,2,,,,,,,,,,,,,,,,,1,,
2016,Mojave,2.3,3,Open,,,,9,3,,,,,,,,3,,,,,5,,,,,,,,,,,,,,,,,1,,
2016,Mojave,2.3,4,Shrub,3.2,1.9,1.2,39,3,,36,,,,,,1,,,,,,,,,,,,2,,,,,,,,,,,,
2016,Mojave,2.3,4,Open,,,,4,3,,1,,,,,,,,,,,2,,,,,,,,,,,1,,,,,,,,
2016,Mojave,2.3,5,Shrub,1.4,1.9,1.2,27,2,,25,,,,,,,,,,,2,,,,,,,,,,,,,,,,,,,
2016,Mojave,2.3,5,Open,,,,0,0,,,,,,,,,,,,,,,,,,,,,,,,,,,,,,,,
2016,Mojave,2.3,6,Shrub,1.7,1.6,1.1,3,1,,3,,,,,,,,,,,,,,,,,,,,,,,,,,,,,,
2016,Mojave,2.3,6,Open,,,,0,0,,,,,,,,,,,,,,,,,,,,,,,,,,,,,,,,
2016,Mojave,2.3,7,Shrub,1,0.9,0.6,10,3,,7,,,,,,,,,,,,,,,,,,2,,,,1,,,,,,,,
2016,Mojave,2.3,7,Open,,,,5,3,,2,,,,,,,,,,,1,,,,,,,,,,,,,,,,,2,,
2016,Mojave,2.3,8,Shrub,2.2,1.4,1.3,55,5,,49,,,,,,3,,,,,,,,,1,,,1,,,,,,,,,,1,,
2016,Mojave,2.3,8,Open,,,,5,3,,3,,,,,,1,,,,,1,,,,,,,,,,,,,,,,,,,
2016,Mojave,2.3,9,Shrub,2.2,1.8,1.1,33,3,,29,,,,,,3,,,,,,,,,,,,,,,,,,,,1,,,,
2016,Mojave,2.3,9,Open,,,,0,0,,,,,,,,,,,,,,,,,,,,,,,,,,,,,,,,
2016,Mojave,2.3,10,Shrub,2.8,0.6,1.6,1,1,,,,,,,,1,,,,,,,,,,,,,,,,,,,,,,,,
2016,Mojave,2.3,10,Open,,,,1,1,,,,,,,,,,,,,1,,,,,,,,,,,,,,,,,,,
2016,Mojave,2.3,11,Shrub,2.6,2,1.5,54,3,,51,,,,,,2,,,,,,,,,1,,,,,,,,,,,,,,,
2016,Mojave,2.3,11,Open,,,,3,1,,3,,,,,,,,,,,,,,,,,,,,,,,,,,,,,,
2016,Mojave,2.3,12,Shrub,1.5,1.4,1.4,43,2,,41,,,,,,,,,,,2,,,,,,,,,,,,,,,,,,,
2016,Mojave,2.3,12,Open,,,,2,2,,1,,,,,,,,,,,,,,,,,,,,,,,,1,,,,,,
2016,Mojave,2.3,13,Shrub,1.9,2.1,1.1,34,2,,27,,,,,,7,,,,,,,,,,,,,,,,,,,,,,,,
2016,Mojave,2.3,13,Open,,,,9,2,,5,,,,,,,,,,,,,,,,,,4,,,,,,,,,,,,
2016,Mojave,2.3,14,Shrub,1.2,1.3,1.2,27,4,,20,,,,,,4,,,,,2,,,,1,,,,,,,,,,,,,,,
2016,Mojave,2.3,14,Open,,,,7,3,,1,,,,,,,,,,,4,,,,,,,2,,,,,,,,,,,,
2016,Mojave,2.3,15,Shrub,1.6,1.7,1.2,4,2,,,,,,,,2,,,,,,,,,,,,2,,,,,,,,,,,,
2016,Mojave,2.3,15,Open,,,,19,2,,15,,,,,,4,,,,,,,,,,,,,,,,,,,,,,,,
2016,Mojave,2.3,16,Shrub,2.2,2.1,1.5,40,2,,39,,,,,,1,,,,,,,,,,,,,,,,,,,,,,,,
2016,Mojave,2.3,16,Open,,,,28,3,,25,,,,,,2,,,,,,,,,,,,1,,,,,,,,,,,,
2016,Mojave,2.3,17,Shrub,2.7,2.8,1.6,61,3,,57,,,,,,3,,,,,,,,,,,,,,,,1,,,,,,,,
2016,Mojave,2.3,17,Open,,,,31,3,,19,,,,,,10,,,,,2,,,,,,,,,,,,,,,,,,,
2016,Mojave,2.3,18,Shrub,2.6,1.5,1.2,67,3,,62,,,,,,4,,,,,,,,,,,,,,,,,,1,,,,,,
2016,Mojave,2.3,18,Open,,,,22,4,,17,,,,,,2,,,,,,,,,,,,1,,,,,,2,,,,,,
2016,Mojave,2.3,19,Shrub,2.9,2.9,1.6,33,3,,22,,,,,,6,,,,,,,,,,,,,,,,,,5,,,,,,
2016,Mojave,2.3,19,Open,,,,16,4,,,,,,,1,12,,,,,2,,,,,,,,,,,,,1,,,,,,
2016,Mojave,2.3,20,Shrub,2,2,1.7,40,2,,36,,,,,,4,,,,,,,,,,,,,,,,,,,,,,,,
2016,Mojave,2.3,20,Open,,,,27,4,,18,,,,,,3,,,,,,,,,,,,,,,,2,,4,,,,,,
2016,Mojave,2.3,21,Shrub,2.2,2,1.5,50,5,,41,,,,,,3,,,,,,,,,1,,,4,1,,,,,,,,,,,
2016,Mojave,2.3,21,Open,,,,36,3,,29,,,,,,4,,,,,,,,,,,,,,,,,,3,,,,,,
2016,Mojave,2.3,22,Shrub,2.2,2,1.3,40,2,,33,,,,,,7,,,,,,,,,,,,,,,,,,,,,,,,
2016,Mojave,2.3,22,Open,,,,34,2,,30,,,,,,4,,,,,,,,,,,,,,,,,,,,,,,,
2016,Mojave,2.3,23,Shrub,2.7,2.8,1.4,25,3,,20,,,,,,3,,,,,,,,,,,,2,,,,,,,,,,,,
2016,Mojave,2.3,23,Open,,,,0,0,,,,,,,,,,,,,,,,,,,,,,,,,,,,,,,,
2016,Mojave,2.3,24,Shrub,2.8,2.9,1.9,57,4,,46,,,,,1,6,,,,,4,,,,,,,,,,,,,,,,,,,
2016,Mojave,2.3,24,Open,,,,27,4,,17,,,,,,6,,,,,2,,,,,,,2,,,,,,,,,,,,
2016,Mojave,2.3,25,Shrub,0.9,1,1.4,43,3,,40,,,,,,2,,,,,1,,,,,,,,,,,,,,,,,,,
2016,Mojave,2.3,25,Open,,,,22,5,,14,,,,,,3,,,,,2,,,,,,,2,,,,,,,,1,,,,
2016,Mojave,2.3,26,Shrub,2.5,2.8,1.6,31,5,,16,,,,,,10,,,,,,,,,2,,,,,,,,,,,1,,2,,
2016,Mojave,2.3,26,Open,,,,6,4,,,,,,,,3,,,,,1,,,,,,,,,,,,,1,,,,1,,
2016,Mojave,2.3,27,Shrub,2.2,1.8,1.1,16,1,,16,,,,,,,,,,,,,,,,,,,,,,,,,,,,,,
2016,Mojave,2.3,27,Open,,,,0,0,,,,,,,,,,,,,,,,,,,,,,,,,,,,,,,,
2016,Mojave,2.3,28,Shrub,1.8,1.7,1,35,4,,26,,,,,,,,,,,4,,,,3,,,,,,,,,,,,,2,,
2016,Mojave,2.3,28,Open,,,,0,0,,,,,,,,,,,,,,,,,,,,,,,,,,,,,,,,
2016,Mojave,2.3,29,Shrub,2.2,1.8,1.4,38,2,,36,,,,,,,,,,,,,,,,,,2,,,,,,,,,,,,
2016,Mojave,2.3,29,Open,,,,0,0,,,,,,,,,,,,,,,,,,,,,,,,,,,,,,,,
2016,Mojave,2.3,30,Shrub,2.9,1,1.3,0,0,,,,,,,,,,,,,,,,,,,,,,,,,,,,,,,,
2016,Mojave,2.3,30,Open,,,,0,0,,,,,,,,,,,,,,,,,,,,,,,,,,,,,,,,
2016,Mojave,2.2,1,Shrub,2,1.3,1.2,25,3,,19,,,,,,5,,,,,,,,,,,,1,,,,,,,,,,,,
2016,Mojave,2.2,1,Open,,,,10,3,,,,,,,,,,,,,2,,,,,,,1,,,,7,,,,,,,,
2016,Mojave,2.2,2,Shrub,1.3,1.4,1.1,12,5,,4,,,,,,2,,,,,3,,,,,,,2,,,,1,,,,,,,,
2016,Mojave,2.2,2,Open,,,,19,4,,2,,,,,,5,,,,,2,,,,,,,10,,,,,,,,,,,,
2016,Mojave,2.2,3,Shrub,2.2,1.4,1.2,27,5,,17,,,,,,3,,,,,2,,,,2,,,3,,,,,,,,,,,,
2016,Mojave,2.2,3,Open,,,,2,2,,1,,,,,,,,,,,1,,,,,,,,,,,,,,,,,,,
2016,Mojave,2.2,4,Shrub,1.9,1.9,1.6,16,3,,8,,,,,,6,,,,,2,,,,,,,,,,,,,,,,,,,
2016,Mojave,2.2,4,Open,,,,4,3,,2,,,,,,1,,,,,,,,,,,,1,,,,,,,,,,,,
2016,Mojave,2.2,5,Shrub,2,1.4,1.5,29,4,,13,,,,,6,8,,,,,2,,,,,,,,,,,,,,,,,,,
2016,Mojave,2.2,5,Open,,,,8,3,,3,,,,,,2,,,,,3,,,,,,,,,,,,,,,,,,,
2016,Mojave,2.2,6,Shrub,1.5,1.5,1.1,17,4,,4,,,,,1,11,,,,,1,,,,,,,,,,,,,,,,,,,
2016,Mojave,2.2,6,Open,,,,8,3,,,,,,,,3,,,,,2,,,,,,,3,,,,,,,,,,,,
2016,Mojave,2.2,7,Shrub,1.4,1.4,1.1,20,4,,15,,,,,,2,,,,,2,,,,,,,1,,,,,,,,,,,,
2016,Mojave,2.2,7,Open,,,,10,4,,4,,,,,,3,,,,,,,,,1,,,2,,,,,,,,,,,,
2016,Mojave,2.2,8,Shrub,1.7,1.1,1.4,16,4,,7,,,,,,3,,,,,5,,,,1,,,,,,,,,,,,,,,
2016,Mojave,2.2,8,Open,,,,6,2,,1,,,,,,5,,,,,,,,,,,,,,,,,,,,,,,,
2016,Mojave,2.2,9,Shrub,2,2,1.5,22,2,,7,,,,,,15,,,,,,,,,,,,,,,,,,,,,,,,
2016,Mojave,2.2,9,Open,,,,4,2,,1,,,,,,3,,,,,,,,,,,,,,,,,,,,,,,,
2016,Mojave,2.2,10,Shrub,2.3,2.5,1.4,21,4,,7,,,,,1,10,,,,,,,,,,,,3,,,,,,,,,,,,
2016,Mojave,2.2,10,Open,,,,14,5,,2,,,,,5,3,,,,,2,,,,,,,2,,,,,,,,,,,,
2016,Mojave,2.2,11,Shrub,1.7,2.1,1.5,32,5,,21,,,,,,5,,,,,,,,,3,,,2,,,,,,,,1,,,,
2016,Mojave,2.2,11,Open,,,,3,3,,,,,,,,1,,,,,1,,,,,,,,,,,,,,,1,,,,
2016,Mojave,2.2,12,Shrub,2.3,2.4,1.4,16,3,,10,,,,,,5,,,,,,,,,1,,,,,,,,,,,,,,,
2016,Mojave,2.2,12,Open,,,,10,4,,,,,,,,4,,,,,,,,,,,,3,,,,1,,,,2,,,,
2016,Mojave,2.2,13,Shrub,2.3,2.1,1.6,27,3,,23,,,,,,3,,,,,1,,,,,,,,,,,,,,,,,,,
2016,Mojave,2.2,13,Open,,,,4,2,,,,,,,,2,,,,,2,,,,,,,,,,,,,,,,,,,
2016,Mojave,2.2,14,Shrub,3,2.4,1.5,27,4,,12,,,,,2,9,,,,,4,,,,,,,,,,,,,,,,,,,
2016,Mojave,2.2,14,Open,,,,1,1,,,,,,,,,,,,,,,,,,,,,,,,,,,,1,,,,
2016,Mojave,2.2,15,Shrub,2.8,3,2.1,16,4,,7,,,,,,6,,,,,1,,,,,,,2,,,,,,,,,,,,
2016,Mojave,2.2,15,Open,,,,0,0,,,,,,,,,,,,,,,,,,,,,,,,,,,,,,,,
2016,Mojave,2.2,16,Shrub,1.8,1.9,1.4,21,3,,11,,,,,,4,,,,,6,,,,,,,,,,,,,,,,,,,
2016,Mojave,2.2,16,Open,,,,5,3,,2,,,,,,,,,,,,,,,1,,,,,,,2,,,,,,,,
2016,Mojave,2.2,17,Shrub,2,2,1.7,11,4,,3,,,,,,,,,,,5,,,,,,,,,,,1,,,,2,,,,
2016,Mojave,2.2,17,Open,,,,6,3,,2,,,,,,2,,,,,,,,,,,,2,,,,,,,,,,,,
2016,Mojave,2.2,18,Shrub,1.1,1.2,1.1,10,3,,3,,,,,,5,,,,,,,,,,,,,,,,2,,,,,,,,
2016,Mojave,2.2,18,Open,,,,5,3,,,,,,,,,,,,,,,,,1,,,1,,,,3,,,,,,,,
2016,Mojave,2.2,19,Shrub,1.5,1.4,1.4,10,4,,3,,,,,,2,,,,,1,,,,,,,4,,,,,,,,,,,,
2016,Mojave,2.2,19,Open,,,,3,2,,,,,,,,,,,,,1,,,,,,,2,,,,,,,,,,,,
2016,Mojave,2.2,20,Shrub,1.9,1.9,1.5,32,4,,22,,,,,,3,,,,,5,,,,,,,2,,,,,,,,,,,,
2016,Mojave,2.2,20,Open,,,,6,3,,2,,,,,,1,,,,,3,,,,,,,,,,,,,,,,,,,
2016,Mojave,2.2,21,Shrub,2,1.9,1.4,17,3,,5,,,,,,9,,,,,3,,,,,,,,,,,,,,,,,,,
2016,Mojave,2.2,21,Open,,,,5,2,,3,,,,,,,,,,,,,,,,,,,,,,,,,,2,,,,
2016,Mojave,2.2,22,Shrub,1.1,1.1,1.2,17,5,,6,,,,,,6,,,,,,,,,3,,,1,,,,,,,,1,,,,
2016,Mojave,2.2,22,Open,,,,13,5,,7,,,,,,2,,,,,,,,,,,,2,,,,1,,,,1,,,,
2016,Mojave,2.2,23,Shrub,1.3,1.4,1.6,22,4,,13,,,,,,4,,,,,3,,,,2,,,,,,,,,,,,,,,
2016,Mojave,2.2,23,Open,,,,13,5,,4,,,,,,3,,,,,1,,,,4,,,,,,,,,,,1,,,,
2016,Mojave,2.2,24,Shrub,1.9,1.4,1.7,28,3,,12,,,,,,13,,,,,3,,,,,,,,,,,,,,,,,,,
2016,Mojave,2.2,24,Open,,,,5,3,,,,,,,1,,,,,,3,,,,,,,,,,,1,,,,,,,,
2016,Mojave,2.2,25,Shrub,2.2,1.9,1.3,16,4,,7,,,,,,5,,,,,,,,,1,,,3,,,,,,,,,,,,
2016,Mojave,2.2,25,Open,,,,0,0,,,,,,,,,,,,,,,,,,,,,,,,,,,,,,,,
2016,Mojave,2.2,26,Shrub,1.2,1.4,1.2,33,4,,21,,,,,,6,,,,,,,,,1,,,5,,,,,,,,,,,,
2016,Mojave,2.2,26,Open,,,,6,3,,2,,,,,,,,,,,2,,,,,,,,,,,,,,,2,,,,
2016,Mojave,2.2,27,Shrub,2.4,2.8,1.8,46,3,,38,,,,,,5,,,,,,,,,,,,3,,,,,,,,,,,,
2016,Mojave,2.2,27,Open,,,,3,1,,3,,,,,,,,,,,,,,,,,,,,,,,,,,,,,,
2016,Mojave,2.2,28,Shrub,2.6,2.5,1.4,24,3,,12,,,,,,7,,,,,5,,,,,,,,,,,,,,,,,,,
2016,Mojave,2.2,28,Open,,,,2,1,,,,,,,,,,,,,2,,,,,,,,,,,,,,,,,,,
2016,Mojave,2.2,29,Shrub,1.5,1.4,1.5,34,3,,20,,,,,,12,,,,,2,,,,,,,,,,,,,,,,,,,
2016,Mojave,2.2,29,Open,,,,3,2,,,,,,,,1,,,,,,,,,,,,,,,,2,,,,,,,,
2016,Mojave,2.2,30,Shrub,2.5,2.4,1.6,9,2,,7,,,,,2,,,,,,,,,,,,,,,,,,,,,,,,,
2016,Mojave,2.2,30,Open,,,,6,3,,2,,,,,,,,,,,2,,,,,,,,,,,2,,,,,,,,
2016,Mojave,2.1,1,Shrub,2,1.8,1.2,11,4,,7,,,,,1,,,,,,1,,,,,,,,,,,,,,,,,,2,
2016,Mojave,2.1,1,Open,,,,1,1,,,,,,,,1,,,,,,,,,,,,,,,,,,,,,,,,
2016,Mojave,2.1,2,Shrub,1.4,2.1,1.1,6,4,,1,,,,,1,,,,,,1,,,,,,,,,,,,,,,,,,3,
2016,Mojave,2.1,2,Open,,,,3,2,,1,,,,,,2,,,,,,,,,,,,,,,,,,,,,,,,
2016,Mojave,2.1,3,Shrub,1.5,1.6,1.2,2,1,,2,,,,,,,,,,,,,,,,,,,,,,,,,,,,,,
2016,Mojave,2.1,3,Open,,,,5,4,,1,,,,,1,2,,,,,1,,,,,,,,,,,,,,,,,,,
2016,Mojave,2.1,4,Shrub,1.7,1.7,1.2,6,3,,2,,,,,2,2,,,,,,,,,,,,,,,,,,,,,,,,
2016,Mojave,2.1,4,Open,,,,2,2,,1,,,,,,,,,,,,,,,,,,,,,,,,,,,,,1,
2016,Mojave,2.1,5,Shrub,1.9,1.4,1.4,3,1,,,,,,,3,,,,,,,,,,,,,,,,,,,,,,,,,
2016,Mojave,2.1,5,Open,,,,4,3,,1,,,,,1,2,,,,,,,,,,,,,,,,,,,,,,,,
2016,Mojave,2.1,6,Shrub,1.2,1,0.9,3,2,,2,,,,,,,,,,,1,,,,,,,,,,,,,,,,,,,
2016,Mojave,2.1,6,Open,,,,1,1,,,,,,,,1,,,,,,,,,,,,,,,,,,,,,,,,
2016,Mojave,2.1,7,Shrub,1.3,1.5,1.3,2,2,,,,,,,,1,,,,,1,,,,,,,,,,,,,,,,,,,
2016,Mojave,2.1,7,Open,,,,4,2,,1,,,,,,,,,,,3,,,,,,,,,,,,,,,,,,,
2016,Mojave,2.1,8,Shrub,1.4,1.4,1.2,6,2,,2,,,,,,,,,,,4,,,,,,,,,,,,,,,,,,,
2016,Mojave,2.1,8,Open,,,,6,1,,,,,,,,,,,,,6,,,,,,,,,,,,,,,,,,,
2016,Mojave,2.1,9,Shrub,1.3,1.2,1.4,2,1,,,,,,,,,,,,,2,,,,,,,,,,,,,,,,,,,
2016,Mojave,2.1,9,Open,,,,7,2,,1,,,,,,,,,,,6,,,,,,,,,,,,,,,,,,,
2016,Mojave,2.1,10,Shrub,1.4,1.3,1.4,10,3,,2,,,,,,2,,,,,6,,,,,,,,,,,,,,,,,,,
2016,Mojave,2.1,10,Open,,,,7,3,,1,,,,,,1,,,,,5,,,,,,,,,,,,,,,,,,,
2016,Mojave,2.1,11,Shrub,1.8,1.6,1.4,1,1,,,,,,,,,,,,,1,,,,,,,,,,,,,,,,,,,
2016,Mojave,2.1,11,Open,,,,1,1,,,,,,,,,,,,,1,,,,,,,,,,,,,,,,,,,
2016,Mojave,2.1,12,Shrub,1.5,1.4,1.3,5,2,,3,,,,,,,,,,,2,,,,,,,,,,,,,,,,,,,
2016,Mojave,2.1,12,Open,,,,51,2,,12,,,,,,,,,,,39,,,,,,,,,,,,,,,,,,,
2016,Mojave,2.1,13,Shrub,1.8,1.7,1.4,1,1,,,,,,,,,,,,,1,,,,,,,,,,,,,,,,,,,
2016,Mojave,2.1,13,Open,,,,6,3,,1,,,,,,1,,,,,4,,,,,,,,,,,,,,,,,,,
2016,Mojave,2.1,14,Shrub,1.4,1.5,1.1,4,2,,2,,,,,,,,,,,2,,,,,,,,,,,,,,,,,,,
2016,Mojave,2.1,14,Open,,,,15,3,,,,,,,3,2,,,,,10,,,,,,,,,,,,,,,,,,,
2016,Mojave,2.1,15,Shrub,1.1,0.9,1.1,6,2,,3,,,,,,,,,,,3,,,,,,,,,,,,,,,,,,,
2016,Mojave,2.1,15,Open,,,,6,3,,,,,,,1,2,,,,,3,,,,,,,,,,,,,,,,,,,
2016,Mojave,2.1,16,Shrub,1,1,0.9,2,2,,,,,,,,1,,,,,1,,,,,,,,,,,,,,,,,,,
2016,Mojave,2.1,16,Open,,,,8,2,,,,,,,,1,,,,,7,,,,,,,,,,,,,,,,,,,
2016,Mojave,2.1,17,Shrub,1.9,1.9,1.7,1,1,,,,,,,,,,,,,1,,,,,,,,,,,,,,,,,,,
2016,Mojave,2.1,17,Open,,,,7,3,,2,,,,,,2,,,,,3,,,,,,,,,,,,,,,,,,,
2016,Mojave,2.1,18,Shrub,1.5,1.9,1.7,11,2,,,,,,,2,,,,,,9,,,,,,,,,,,,,,,,,,,
2016,Mojave,2.1,18,Open,,,,8,2,,3,,,,,,,,,,,5,,,,,,,,,,,,,,,,,,,
2016,Mojave,2.1,19,Shrub,1.3,1.5,1.7,10,2,,1,,,,,,,,,,,9,,,,,,,,,,,,,,,,,,,
2016,Mojave,2.1,19,Open,,,,10,2,,1,,,,,,,,,,,9,,,,,,,,,,,,,,,,,,,
2016,Mojave,2.1,20,Shrub,2,2.1,1.4,2,2,,,,,,,1,,,,,,1,,,,,,,,,,,,,,,,,,,
2016,Mojave,2.1,20,Open,,,,3,3,,1,,,,,,1,,,,,1,,,,,,,,,,,,,,,,,,,
2016,Mojave,2.1,21,Shrub,1.6,1.8,1.4,2,2,,1,,,,,,,,,,,1,,,,,,,,,,,,,,,,,,,
2016,Mojave,2.1,21,Open,,,,2,1,,,,,,,,,,,,,2,,,,,,,,,,,,,,,,,,,
2016,Mojave,2.1,22,Shrub,2,1.5,1.3,4,2,,1,,,,,,,,,,,3,,,,,,,,,,,,,,,,,,,
2016,Mojave,2.1,22,Open,,,,44,2,,6,,,,,,,,,,,38,,,,,,,,,,,,,,,,,,,
2016,Mojave,2.1,23,Shrub,1,1.1,1.6,1,1,,,,,,,,,,,,,1,,,,,,,,,,,,,,,,,,,
2016,Mojave,2.1,23,Open,,,,10,3,,2,,,,,,4,,,,,4,,,,,,,,,,,,,,,,,,,
2016,Mojave,2.1,24,Shrub,0.8,1,1,9,3,,2,,,,,,1,,,,,6,,,,,,,,,,,,,,,,,,,
2016,Mojave,2.1,24,Open,,,,10,3,,1,,,,,,1,,,,,8,,,,,,,,,,,,,,,,,,,
2016,Mojave,2.1,25,Shrub,1.4,0.8,0.9,9,3,,2,,,,,,5,,,,,2,,,,,,,,,,,,,,,,,,,
2016,Mojave,2.1,25,Open,,,,6,1,,,,,,,,,,,,,6,,,,,,,,,,,,,,,,,,,
2016,Mojave,2.1,26,Shrub,0.7,0.8,1.2,16,2,,6,,,,,,,,,,,10,,,,,,,,,,,,,,,,,,,
2016,Mojave,2.1,26,Open,,,,17,3,,3,,,,,1,,,,,,13,,,,,,,,,,,,,,,,,,,
2016,Mojave,2.1,27,Shrub,1.2,1.3,1.1,1,1,,,,,,,,1,,,,,,,,,,,,,,,,,,,,,,,,
2016,Mojave,2.1,27,Open,,,,8,2,,,,,,,,1,,,,,7,,,,,,,,,,,,,,,,,,,
2016,Mojave,2.1,28,Shrub,2.2,2.3,1.7,2,2,,,,,,,1,,,,,,1,,,,,,,,,,,,,,,,,,,
2016,Mojave,2.1,28,Open,,,,1,1,,,,,,,,,,,,,1,,,,,,,,,,,,,,,,,,,
2016,Mojave,2.1,29,Shrub,1.3,1.6,1.4,2,2,,1,,,,,,,,,,,1,,,,,,,,,,,,,,,,,,,
2016,Mojave,2.1,29,Open,,,,11,3,,2,,,,,,3,,,,,6,,,,,,,,,,,,,,,,,,,
2016,Mojave,2.1,30,Shrub,1,1.1,1.4,12,3,,8,,,,,,1,,,,,3,,,,,,,,,,,,,,,,,,,
2016,Mojave,2.1,30,Open,,,,5,2,,3,,,,,,,,,,,2,,,,,,,,,,,,,,,,,,,
2016,Panoche,1.3,1,Shrub,3.77,2.38,1.59,263,1,,263,,,,,,,,,,,,,,,,,,,,,,,,,,,,,,
2016,Panoche,1.3,1,Open,,,,106,4,,87,13,,4,,,,2,,,,,,,,,,,,,,,,,,,,,,,
2016,Panoche,1.3,2,Shrub,3.22,2.38,1.84,276,1,,276,,,,,,,,,,,,,,,,,,,,,,,,,,,,,,
2016,Panoche,1.3,2,Open,,,,245,3,,127,86,,,,,,32,,,,,,,,,,,,,,,,,,,,,,,
2016,Panoche,1.3,3,Shrub,1.95,1.3,0.59,217,1,,217,,,,,,,,,,,,,,,,,,,,,,,,,,,,,,
2016,Panoche,1.3,3,Open,,,,175,4,,81,90,,2,,,,,2,,,,,,,,,,,,,,,,,,,,,,
2016,Panoche,1.3,4,Shrub,4.21,4.39,1.71,283,1,,283,,,,,,,,,,,,,,,,,,,,,,,,,,,,,,
2016,Panoche,1.3,4,Open,,,,214,2,,196,18,,,,,,,,,,,,,,,,,,,,,,,,,,,,,
2016,Panoche,1.3,5,Shrub,3.41,3.17,1.55,241,1,,241,,,,,,,,,,,,,,,,,,,,,,,,,,,,,,
2016,Panoche,1.3,5,Open,,,,233,3,,146,75,,,,,,,12,,,,,,,,,,,,,,,,,,,,,,
2016,Panoche,1.3,6,Shrub,2.07,3.2,0.76,250,1,,250,,,,,,,,,,,,,,,,,,,,,,,,,,,,,,
2016,Panoche,1.3,6,Open,,,,206,4,,104,98,,,,,,,2,,2,,,,,,,,,,,,,,,,,,,,
2016,Panoche,1.3,7,Shrub,4.78,6.03,2.25,277,1,,277,,,,,,,,,,,,,,,,,,,,,,,,,,,,,,
2016,Panoche,1.3,7,Open,,,,243,2,,242,,,1,,,,,,,,,,,,,,,,,,,,,,,,,,,
2016,Panoche,1.3,8,Shrub,5.76,5.43,2.16,289,1,,289,,,,,,,,,,,,,,,,,,,,,,,,,,,,,,
2016,Panoche,1.3,8,Open,,,,229,2,,228,,,1,,,,,,,,,,,,,,,,,,,,,,,,,,,
2016,Panoche,1.3,9,Shrub,2.55,2.27,0.98,245,2,,244,,,1,,,,,,,,,,,,,,,,,,,,,,,,,,,
2016,Panoche,1.3,9,Open,,,,145,3,,100,33,,,,,,,12,,,,,,,,,,,,,,,,,,,,,,
2016,Panoche,1.3,10,Shrub,2.4,2.72,1.04,223,2,,222,,,1,,,,,,,,,,,,,,,,,,,,,,,,,,,
2016,Panoche,1.3,10,Open,,,,138,3,,90,36,,,,,,,12,,,,,,,,,,,,,,,,,,,,,,
2016,Panoche,1.3,11,Shrub,2.9,3.17,1.51,204,2,,169,,35,,,,,,,,,,,,,,,,,,,,,,,,,,,,
2016,Panoche,1.3,11,Open,,,,171,4,,73,65,,,,,,32,,,1,,,,,,,,,,,,,,,,,,,,
2016,Panoche,1.3,12,Shrub,1.66,3.1,0.8,215,1,,215,,,,,,,,,,,,,,,,,,,,,,,,,,,,,,
2016,Panoche,1.3,12,Open,,,,188,4,,103,81,,,,,,,2,,2,,,,,,,,,,,,,,,,,,,,
2016,Panoche,1.3,13,Shrub,2.83,3.68,1.63,212,1,,212,,,,,,,,,,,,,,,,,,,,,,,,,,,,,,
2016,Panoche,1.3,13,Open,,,,212,3,,134,68,,,,,,,10,,,,,,,,,,,,,,,,,,,,,,
2016,Panoche,1.3,14,Shrub,3.02,3.23,1.74,182,2,,164,,,18,,,,,,,,,,,,,,,,,,,,,,,,,,,
2016,Panoche,1.3,14,Open,,,,177,3,,160,16,,,,,,,,,1,,,,,,,,,,,,,,,,,,,,
2016,Panoche,1.3,15,Shrub,4.15,3.51,1.85,254,1,,254,,,,,,,,,,,,,,,,,,,,,,,,,,,,,,
2016,Panoche,1.3,15,Open,,,,117,4,,65,20,,,,,25,7,,,,,,,,,,,,,,,,,,,,,,,
2016,Panoche,1.3,16,Shrub,2.99,2.84,1.9,158,2,,137,,,21,,,,,,,,,,,,,,,,,,,,,,,,,,,
2016,Panoche,1.3,16,Open,,,,203,3,,186,16,,,,,,,,,1,,,,,,,,,,,,,,,,,,,,
2016,Panoche,1.3,17,Shrub,1.65,1.77,1.37,270,1,,270,,,,,,,,,,,,,,,,,,,,,,,,,,,,,,
2016,Panoche,1.3,17,Open,,,,194,3,,182,10,,,,,,,2,,,,,,,,,,,,,,,,,,,,,,
2016,Panoche,1.3,18,Shrub,3.99,4.08,1.6,254,1,,254,,,,,,,,,,,,,,,,,,,,,,,,,,,,,,
2016,Panoche,1.3,18,Open,,,,182,3,,120,61,,,,,,,1,,,,,,,,,,,,,,,,,,,,,,
2016,Panoche,1.3,19,Shrub,1.65,1.16,0.62,241,1,,241,,,,,,,,,,,,,,,,,,,,,,,,,,,,,,
2016,Panoche,1.3,19,Open,,,,183,4,,85,94,,2,,,,,2,,,,,,,,,,,,,,,,,,,,,,
2016,Panoche,1.3,20,Shrub,3.43,2.73,1.83,268,1,,268,,,,,,,,,,,,,,,,,,,,,,,,,,,,,,
2016,Panoche,1.3,20,Open,,,,113,4,,91,16,,4,,,,2,,,,,,,,,,,,,,,,,,,,,,,
2016,Panoche,1.3,21,Shrub,4.11,3.28,1.95,267,1,,267,,,,,,,,,,,,,,,,,,,,,,,,,,,,,,
2016,Panoche,1.3,21,Open,,,,123,4,,73,22,,,,,22,6,,,,,,,,,,,,,,,,,,,,,,,
2016,Panoche,1.3,22,Shrub,3.97,2.23,1.35,286,1,,286,,,,,,,,,,,,,,,,,,,,,,,,,,,,,,
2016,Panoche,1.3,22,Open,,,,195,3,,161,31,,3,,,,,,,,,,,,,,,,,,,,,,,,,,,
2016,Panoche,1.3,23,Shrub,3.28,2.85,1.75,225,2,,186,,39,,,,,,,,,,,,,,,,,,,,,,,,,,,,
2016,Panoche,1.3,23,Open,,,,184,4,,81,73,,,,,,29,,,1,,,,,,,,,,,,,,,,,,,,
2016,Panoche,1.3,24,Shrub,2.64,2.26,1.9,312,1,,312,,,,,,,,,,,,,,,,,,,,,,,,,,,,,,
2016,Panoche,1.3,24,Open,,,,260,3,,146,87,,,,,,27,,,,,,,,,,,,,,,,,,,,,,,
2016,Panoche,1.3,25,Shrub,3.34,2.35,1.48,286,1,,286,,,,,,,,,,,,,,,,,,,,,,,,,,,,,,
2016,Panoche,1.3,25,Open,,,,173,3,,140,30,,3,,,,,,,,,,,,,,,,,,,,,,,,,,,
2016,Panoche,1.3,26,Shrub,2.47,2.91,1.67,222,1,,222,,,,,,,,,,,,,,,,,,,,,,,,,,,,,,
2016,Panoche,1.3,26,Open,,,,188,2,,186,,,2,,,,,,,,,,,,,,,,,,,,,,,,,,,
2016,Panoche,1.3,27,Shrub,4.07,4.9,1.66,246,1,,246,,,,,,,,,,,,,,,,,,,,,,,,,,,,,,
2016,Panoche,1.3,27,Open,,,,177,3,,104,72,,,,,,,1,,,,,,,,,,,,,,,,,,,,,,
2016,Panoche,1.3,28,Shrub,4.42,4.17,1.85,334,1,,334,,,,,,,,,,,,,,,,,,,,,,,,,,,,,,
2016,Panoche,1.3,28,Open,,,,244,2,,228,16,,,,,,,,,,,,,,,,,,,,,,,,,,,,,
2016,Panoche,1.3,29,Shrub,1.72,2,1.19,278,1,,278,,,,,,,,,,,,,,,,,,,,,,,,,,,,,,
2016,Panoche,1.3,29,Open,,,,185,3,,174,9,,,,,,,2,,,,,,,,,,,,,,,,,,,,,,
2016,Panoche,1.3,30,Shrub,2.42,2.47,1.4,268,1,,268,,,,,,,,,,,,,,,,,,,,,,,,,,,,,,
2016,Panoche,1.3,30,Open,,,,218,2,,216,,,2,,,,,,,,,,,,,,,,,,,,,,,,,,,
2016,Panoche,1.2,1,Shrub,2.08,2.66,1.09,272,3,14,216,42,,,,,,,,,,,,,,,,,,,,,,,,,,,,,
2016,Panoche,1.2,1,Open,,,,68,4,,7,47,,,8,,6,,,,,,,,,,,,,,,,,,,,,,,,
2016,Panoche,1.2,2,Shrub,2.76,2.7,1.26,154,3,,143,3,,,8,,,,,,,,,,,,,,,,,,,,,,,,,,
2016,Panoche,1.2,2,Open,,,,54,4,,10,16,,,2,,26,,,,,,,,,,,,,,,,,,,,,,,,
2016,Panoche,1.2,3,Shrub,1.59,1.29,1,192,3,,166,25,,,,,,,,,1,,,,,,,,,,,,,,,,,,,,
2016,Panoche,1.2,3,Open,,,,79,4,11,18,46,,,4,,,,,,,,,,,,,,,,,,,,,,,,,,
2016,Panoche,1.2,4,Shrub,2.68,2.33,1.16,216,1,,216,,,,,,,,,,,,,,,,,,,,,,,,,,,,,,
2016,Panoche,1.2,4,Open,,,,70,4,,22,18,,,,,28,,,2,,,,,,,,,,,,,,,,,,,,,
2016,Panoche,1.2,5,Shrub,1.86,2,1.34,118,1,,118,,,,,,,,,,,,,,,,,,,,,,,,,,,,,,
2016,Panoche,1.2,5,Open,,,,64,5,,16,29,,,3,,15,,,,1,,,,,,,,,,,,,,,,,,,,
2016,Panoche,1.2,6,Shrub,2.59,2.76,1.43,118,4,15,92,10,,,1,,,,,,,,,,,,,,,,,,,,,,,,,,
2016,Panoche,1.2,6,Open,,,,76,6,10,12,21,,,,,28,,,3,2,,,,,,,,,,,,,,,,,,,,
2016,Panoche,1.2,7,Shrub,2.82,3.11,1.26,192,1,,192,,,,,,,,,,,,,,,,,,,,,,,,,,,,,,
2016,Panoche,1.2,7,Open,,,,82,5,8,13,18,,,,,41,,,2,,,,,,,,,,,,,,,,,,,,,
2016,Panoche,1.2,8,Shrub,2.64,2.85,1.34,241,1,,241,,,,,,,,,,,,,,,,,,,,,,,,,,,,,,
2016,Panoche,1.2,8,Open,,,,81,5,10,14,20,,,,,35,,,2,,,,,,,,,,,,,,,,,,,,,
2016,Panoche,1.2,9,Shrub,2.01,1.94,1.16,186,1,,186,,,,,,,,,,,,,,,,,,,,,,,,,,,,,,
2016,Panoche,1.2,9,Open,,,,88,5,15,29,29,,,13,,,,,2,,,,,,,,,,,,,,,,,,,,,
2016,Panoche,1.2,10,Shrub,1.97,2.06,1.01,216,1,,216,,,,,,,,,,,,,,,,,,,,,,,,,,,,,,
2016,Panoche,1.2,10,Open,,,,86,5,13,23,34,,,14,,,,,2,,,,,,,,,,,,,,,,,,,,,
2016,Panoche,1.2,11,Shrub,2.7,3.2,1.14,92,1,,92,,,,,,,,,,,,,,,,,,,,,,,,,,,,,,
2016,Panoche,1.2,11,Open,,,,105,4,52,47,,,,3,,,,,3,,,,,,,,,,,,,,,,,,,,,
2016,Panoche,1.2,12,Shrub,2.1,2.26,1.16,98,4,14,74,9,,,1,,,,,,,,,,,,,,,,,,,,,,,,,,
2016,Panoche,1.2,12,Open,,,,74,6,10,9,20,,,,,30,,,3,2,,,,,,,,,,,,,,,,,,,,
2016,Panoche,1.2,13,Shrub,1.97,2.28,1.29,100,1,,100,,,,,,,,,,,,,,,,,,,,,,,,,,,,,,
2016,Panoche,1.2,13,Open,,,,67,5,,18,29,,,2,,17,,,,1,,,,,,,,,,,,,,,,,,,,
2016,Panoche,1.2,14,Shrub,2.41,2.33,0.64,123,3,,91,29,,,,,,,,3,,,,,,,,,,,,,,,,,,,,,
2016,Panoche,1.2,14,Open,,,,78,4,,17,38,,,5,,18,,,,,,,,,,,,,,,,,,,,,,,,
2016,Panoche,1.2,15,Shrub,2.55,3.21,1.21,181,1,,181,,,,,,,,,,,,,,,,,,,,,,,,,,,,,,
2016,Panoche,1.2,15,Open,,,,78,3,,14,57,,,,,7,,,,,,,,,,,,,,,,,,,,,,,,
2016,Panoche,1.2,16,Shrub,1.98,2.14,0.53,116,3,,87,26,,,,,,,,3,,,,,,,,,,,,,,,,,,,,,
2016,Panoche,1.2,16,Open,,,,82,4,,16,43,,,5,,18,,,,,,,,,,,,,,,,,,,,,,,,
2016,Panoche,1.2,17,Shrub,2.44,1.98,1.02,155,2,,150,5,,,,,,,,,,,,,,,,,,,,,,,,,,,,,
2016,Panoche,1.2,17,Open,,,,138,5,42,47,43,,,3,,,,,3,,,,,,,,,,,,,,,,,,,,,
2016,Panoche,1.2,18,Shrub,2.04,1.97,0.98,167,3,,159,4,,,,,,,,4,,,,,,,,,,,,,,,,,,,,,
2016,Panoche,1.2,18,Open,,,,41,5,14,12,,,,3,,10,,,,2,,,,,,,,,,,,,,,,,,,,
2016,Panoche,1.2,19,Shrub,1.75,1.55,0.97,178,3,,148,29,,,,,,,,,1,,,,,,,,,,,,,,,,,,,,
2016,Panoche,1.2,19,Open,,,,80,4,10,16,49,,,5,,,,,,,,,,,,,,,,,,,,,,,,,,
2016,Panoche,1.2,20,Shrub,2.39,2.8,1.04,245,3,12,187,46,,,,,,,,,,,,,,,,,,,,,,,,,,,,,
2016,Panoche,1.2,20,Open,,,,67,4,,7,44,,,8,,8,,,,,,,,,,,,,,,,,,,,,,,,
2016,Panoche,1.2,21,Shrub,2.38,3.28,1.25,211,1,,211,,,,,,,,,,,,,,,,,,,,,,,,,,,,,,
2016,Panoche,1.2,21,Open,,,,86,3,,16,62,,,,,8,,,,,,,,,,,,,,,,,,,,,,,,
2016,Panoche,1.2,22,Shrub,1.22,2.14,1.11,172,4,8,118,21,,,,,25,,,,,,,,,,,,,,,,,,,,,,,,
2016,Panoche,1.2,22,Open,,,,81,5,10,18,17,,,,,33,,,3,,,,,,,,,,,,,,,,,,,,,
2016,Panoche,1.2,23,Shrub,2.19,3.01,1.35,87,1,,87,,,,,,,,,,,,,,,,,,,,,,,,,,,,,,
2016,Panoche,1.2,23,Open,,,,110,4,49,55,,,,3,,,,,3,,,,,,,,,,,,,,,,,,,,,
2016,Panoche,1.2,24,Shrub,3.31,2.48,1.05,152,3,,140,3,,,9,,,,,,,,,,,,,,,,,,,,,,,,,,
2016,Panoche,1.2,24,Open,,,,49,4,,9,17,,,2,,21,,,,,,,,,,,,,,,,,,,,,,,,
2016,Panoche,1.2,25,Shrub,1.33,2.33,0.94,177,4,8,127,20,,,,,22,,,,,,,,,,,,,,,,,,,,,,,,
2016,Panoche,1.2,25,Open,,,,82,5,12,16,20,,,,,31,,,3,,,,,,,,,,,,,,,,,,,,,
2016,Panoche,1.2,26,Shrub,1.61,1.4,0.89,225,1,,225,,,,,,,,,,,,,,,,,,,,,,,,,,,,,,
2016,Panoche,1.2,26,Open,,,,124,5,38,29,44,,,8,,5,,,,,,,,,,,,,,,,,,,,,,,,
2016,Panoche,1.2,27,Shrub,1.88,1.79,1,186,3,,178,4,,,,,,,,4,,,,,,,,,,,,,,,,,,,,,
2016,Panoche,1.2,27,Open,,,,38,5,14,10,,,,3,,9,,,,2,,,,,,,,,,,,,,,,,,,,
2016,Panoche,1.2,28,Shrub,2.2,1.98,1.28,229,1,,229,,,,,,,,,,,,,,,,,,,,,,,,,,,,,,
2016,Panoche,1.2,28,Open,,,,70,4,,23,21,,,,,24,,,2,,,,,,,,,,,,,,,,,,,,,
2016,Panoche,1.2,29,Shrub,2.32,1.64,1.09,143,2,,138,5,,,,,,,,,,,,,,,,,,,,,,,,,,,,,
2016,Panoche,1.2,29,Open,,,,143,5,48,42,47,,,3,,,,,3,,,,,,,,,,,,,,,,,,,,,
2016,Panoche,1.2,30,Shrub,1.39,1.4,0.82,230,1,,230,,,,,,,,,,,,,,,,,,,,,,,,,,,,,,
2016,Panoche,1.2,30,Open,,,,125,5,33,29,49,,,9,,5,,,,,,,,,,,,,,,,,,,,,,,,
2016,Panoche,1.1,1,Shrub,3.15,3.58,1.38,139,3,,50,84,,,,,,,,,5,,,,,,,,,,,,,,,,,,,,
2016,Panoche,1.1,1,Open,,,,148,3,,31,114,,,,,,,,,,,3,,,,,,,,,,,,,,,,,,
2016,Panoche,1.1,2,Shrub,1.78,1.7,0.89,241,3,,139,100,,,,,,,,,2,,,,,,,,,,,,,,,,,,,,
2016,Panoche,1.1,2,Open,,,,203,2,,136,67,,,,,,,,,,,,,,,,,,,,,,,,,,,,,
2016,Panoche,1.1,3,Shrub,4.27,3.53,1.88,283,4,20,200,61,,,,,,,,,2,,,,,,,,,,,,,,,,,,,,
2016,Panoche,1.1,3,Open,,,,153,3,13,43,97,,,,,,,,,,,,,,,,,,,,,,,,,,,,,
2016,Panoche,1.1,4,Shrub,4.04,3.96,1.49,201,2,,200,1,,,,,,,,,,,,,,,,,,,,,,,,,,,,,
2016,Panoche,1.1,4,Open,,,,363,2,,187,176,,,,,,,,,,,,,,,,,,,,,,,,,,,,,
2016,Panoche,1.1,5,Shrub,3.94,4.24,1.88,134,3,,83,46,,,,,,,,,,5,,,,,,,,,,,,,,,,,,,
2016,Panoche,1.1,5,Open,,,,309,2,,127,182,,,,,,,,,,,,,,,,,,,,,,,,,,,,,
2016,Panoche,1.1,6,Shrub,4.34,5.28,2.15,205,3,,200,1,,,,,,,,,,,,,4,,,,,,,,,,,,,,,,
2016,Panoche,1.1,6,Open,,,,286,2,,113,173,,,,,,,,,,,,,,,,,,,,,,,,,,,,,
2016,Panoche,1.1,7,Shrub,5.23,4.06,1.83,132,2,,62,70,,,,,,,,,,,,,,,,,,,,,,,,,,,,,
2016,Panoche,1.1,7,Open,,,,311,2,,163,148,,,,,,,,,,,,,,,,,,,,,,,,,,,,,
2016,Panoche,1.1,8,Shrub,1.94,1.41,0.99,296,3,15,153,128,,,,,,,,,,,,,,,,,,,,,,,,,,,,,
2016,Panoche,1.1,8,Open,,,,68,3,,26,39,,,,,,,,,3,,,,,,,,,,,,,,,,,,,,
2016,Panoche,1.1,9,Shrub,4.17,4.37,1.54,156,3,47,78,31,,,,,,,,,,,,,,,,,,,,,,,,,,,,,
2016,Panoche,1.1,9,Open,,,,213,2,,126,87,,,,,,,,,,,,,,,,,,,,,,,,,,,,,
2016,Panoche,1.1,10,Shrub,4.62,4.26,1.53,100,3,,32,67,,,,,,,,,,,1,,,,,,,,,,,,,,,,,,
2016,Panoche,1.1,10,Open,,,,134,2,,62,72,,,,,,,,,,,,,,,,,,,,,,,,,,,,,
2016,Panoche,1.1,11,Shrub,5.27,4.5,1.73,200,2,,200,,,,,,,,,,,,,,,,,,,,,,,,,,,,,,
2016,Panoche,1.1,11,Open,,,,156,2,,84,72,,,,,,,,,,,,,,,,,,,,,,,,,,,,,
2016,Panoche,1.1,12,Shrub,5.2,4.89,1.57,148,2,,91,57,,,,,,,,,,,,,,,,,,,,,,,,,,,,,
2016,Panoche,1.1,12,Open,,,,219,2,,127,92,,,,,,,,,,,,,,,,,,,,,,,,,,,,,
2016,Panoche,1.1,13,Shrub,0.8,6.28,1.73,120,2,,78,42,,,,,,,,,,,,,,,,,,,,,,,,,,,,,
2016,Panoche,1.1,13,Open,,,,271,3,,102,167,,,,,,,,,2,,,,,,,,,,,,,,,,,,,,
2016,Panoche,1.1,14,Shrub,4.67,3.6,1.89,162,3,,84,75,,,,,,,,,,3,,,,,,,,,,,,,,,,,,,
2016,Panoche,1.1,14,Open,,,,85,2,,82,3,,,,,,,,,,,,,,,,,,,,,,,,,,,,,
2016,Panoche,1.1,15,Shrub,4.2,3.62,2.2,118,3,3,61,54,,,,,,,,,,,,,,,,,,,,,,,,,,,,,
2016,Panoche,1.1,15,Open,,,,278,2,,105,173,,,,,,,,,,,,,,,,,,,,,,,,,,,,,
2016,Panoche,1.1,16,Shrub,4.68,3.72,1.64,248,3,,200,42,,,,,,,,,,6,,,,,,,,,,,,,,,,,,,
2016,Panoche,1.1,16,Open,,,,242,4,,142,91,,,,,,,,,,2,,,7,,,,,,,,,,,,,,,,
2016,Panoche,1.1,17,Shrub,3.31,3.26,1.32,229,4,,120,65,,,,,,,,,,1,,,43,,,,,,,,,,,,,,,,
2016,Panoche,1.1,17,Open,,,,95,2,,62,33,,,,,,,,,,,,,,,,,,,,,,,,,,,,,
2016,Panoche,1.1,18,Shrub,4.88,3.13,1.75,38,2,,22,16,,,,,,,,,,,,,,,,,,,,,,,,,,,,,
2016,Panoche,1.1,18,Open,,,,262,2,,200,62,,,,,,,,,,,,,,,,,,,,,,,,,,,,,
2016,Panoche,1.1,19,Shrub,4.63,3.45,2.2,84,3,,45,38,,,,,,,,,1,,,,,,,,,,,,,,,,,,,,
2016,Panoche,1.1,19,Open,,,,114,2,,61,53,,,,,,,,,,,,,,,,,,,,,,,,,,,,,
2016,Panoche,1.1,20,Shrub,2.84,2.2,1.26,200,2,,200,,,,,,,,,,,,,,,,,,,,,,,,,,,,,,
2016,Panoche,1.1,20,Open,,,,243,2,,168,75,,,,,,,,,,,,,,,,,,,,,,,,,,,,,
2016,Panoche,1.1,21,Shrub,3.52,2.64,1.46,63,3,7,39,17,,,,,,,,,,,,,,,,,,,,,,,,,,,,,
2016,Panoche,1.1,21,Open,,,,292,3,,173,62,,,,,,,,,,,,,57,,,,,,,,,,,,,,,,
2016,Panoche,1.1,22,Shrub,3.2,3.5,1.6,119,3,,72,46,,,,,,,,,,1,,,,,,,,,,,,,,,,,,,
2016,Panoche,1.1,22,Open,,,,270,3,,63,169,,,,,,,,,,,,,38,,,,,,,,,,,,,,,,
2016,Panoche,1.1,23,Shrub,3.94,2.98,1.42,122,3,,70,47,,,,,,,,,,5,,,,,,,,,,,,,,,,,,,
2016,Panoche,1.1,23,Open,,,,255,3,,147,80,,,,,,,,,,,,,28,,,,,,,,,,,,,,,,
2016,Panoche,1.1,24,Shrub,3.48,2.54,1.63,222,2,,200,22,,,,,,,,,,,,,,,,,,,,,,,,,,,,,
2016,Panoche,1.1,24,Open,,,,166,3,,87,67,,,,,,,,,,,,,12,,,,,,,,,,,,,,,,
2016,Panoche,1.1,25,Shrub,3.7,3.2,1.14,60,3,,21,38,,,,,,,,,,1,,,,,,,,,,,,,,,,,,,
2016,Panoche,1.1,25,Open,,,,169,3,,36,117,,,,,,,,,,,,,16,,,,,,,,,,,,,,,,
2016,Panoche,1.1,26,Shrub,1.54,1.2,0.72,169,4,,92,45,,,,,,,,,,7,,,25,,,,,,,,,,,,,,,,
2016,Panoche,1.1,26,Open,,,,264,3,,115,147,,,,,,,,,,,,,2,,,,,,,,,,,,,,,,
2016,Panoche,1.1,27,Shrub,2.77,2.66,1.47,163,3,,107,53,,,,,,,,,,3,,,,,,,,,,,,,,,,,,,
2016,Panoche,1.1,27,Open,,,,266,2,,174,92,,,,,,,,,,,,,,,,,,,,,,,,,,,,,
2016,Panoche,1.1,28,Shrub,3.76,2.32,1.12,116,2,,79,37,,,,,,,,,,,,,,,,,,,,,,,,,,,,,
2016,Panoche,1.1,28,Open,,,,210,2,,162,48,,,,,,,,,,,,,,,,,,,,,,,,,,,,,
2016,Panoche,1.1,29,Shrub,2.12,2.04,0.77,109,4,,92,15,,,,,,,,,,1,,1,,,,,,,,,,,,,,,,,
2016,Panoche,1.1,29,Open,,,,126,3,,87,37,,,,,,,,,,2,,,,,,,,,,,,,,,,,,,
2016,Panoche,1.1,30,Shrub,3.49,3.37,1.56,84,2,,65,19,,,,,,,,,,,,,,,,,,,,,,,,,,,,,
2016,Panoche,1.1,30,Open,,,,202,3,,153,46,,,,,,,,,,3,,,,,,,,,,,,,,,,,,,
2015,Mojave,2.5,1,Shrub,1.18,1.02,1.16,13,3,9,2,,,,,,,,,,,2,,,,,,,,,,,,,,,,,,,
2015,Mojave,2.5,1,Open,,,,0,0,,,,,,,,,,,,,,,,,,,,,,,,,,,,,,,,
2015,Mojave,2.5,2,Shrub,2.84,2.34,2.43,29,4,15,10,2,,,,,,,,,,,,,,,,,,,2,,,,,,,,,,
2015,Mojave,2.5,2,Open,,,,1,1,,1,,,,,,,,,,,,,,,,,,,,,,,,,,,,,,
2015,Mojave,2.5,3,Shrub,0.76,0.79,0.81,15,3,7,6,,,,,,,,,,,,,,,,,,,,,,2,,,,,,,,
2015,Mojave,2.5,3,Open,,,,3,1,3,,,,,,,,,,,,,,,,,,,,,,,,,,,,,,,
2015,Mojave,2.5,4,Shrub,3.84,3.34,1.96,19,1,,19,,,,,,,,,,,,,,,,,,,,,,,,,,,,,,
2015,Mojave,2.5,4,Open,,,,3,2,,,2,,,,1,,,,,,,,,,,,,,,,,,,,,,,,,
2015,Mojave,2.5,5,Shrub,4.82,1.88,1.86,27,4,8,10,1,,,,,,,,,,8,,,,,,,,,,,,,,,,,,,
2015,Mojave,2.5,5,Open,,,,10,4,5,2,1,,,,,,,,,,,,,,,,,,,,,2,,,,,,,,
2015,Mojave,2.5,6,Shrub,3.48,2.53,1.56,51,2,32,19,,,,,,,,,,,,,,,,,,,,,,,,,,,,,,
2015,Mojave,2.5,6,Open,,,,0,0,,,,,,,,,,,,,,,,,,,,,,,,,,,,,,,,
2015,Mojave,2.5,7,Shrub,2.87,2.31,1.17,37,2,,36,,,,,,,,,,,1,,,,,,,,,,,,,,,,,,,
2015,Mojave,2.5,7,Open,,,,4,3,,,1,,,,,,,,,,,,,,,,,1,,,,2,,,,,,,,
2015,Mojave,2.5,8,Shrub,2.55,3.32,1.74,20,3,,16,2,,,,,,,,,,,,,,,,,,,,2,,,,,,,,,
2015,Mojave,2.5,8,Open,,,,0,0,,,,,,,,,,,,,,,,,,,,,,,,,,,,,,,,
2015,Mojave,2.5,9,Shrub,1.97,1.66,1.45,38,3,28,8,,,,,,,,,,,2,,,,,,,,,,,,,,,,,,,
2015,Mojave,2.5,9,Open,,,,1,1,,,1,,,,,,,,,,,,,,,,,,,,,,,,,,,,,
2015,Mojave,2.5,10,Shrub,1.23,1.09,0.89,41,6,10,27,1,1,,,,,,,,,,,,,,1,,,,,,1,,,,,,,,
2015,Mojave,2.5,10,Open,,,,0,0,,,,,,,,,,,,,,,,,,,,,,,,,,,,,,,,
2015,Mojave,2.5,11,Shrub,2.79,2.98,1.52,33,2,,30,,,,,,,,,,,,,3,,,,,,,,,,,,,,,,,
2015,Mojave,2.5,11,Open,,,,2,2,,1,1,,,,,,,,,,,,,,,,,,,,,,,,,,,,,
2015,Mojave,2.5,12,Shrub,2.12,1.63,1.36,45,2,12,33,,,,,,,,,,,,,,,,,,,,,,,,,,,,,,
2015,Mojave,2.5,12,Open,,,,0,0,,,,,,,,,,,,,,,,,,,,,,,,,,,,,,,,
2015,Mojave,2.5,13,Shrub,2.58,2.57,1.62,30,1,,30,,,,,,,,,,,,,,,,,,,,,,,,,,,,,,
2015,Mojave,2.5,13,Open,,,,1,1,,,1,,,,,,,,,,,,,,,,,,,,,,,,,,,,,
2015,Mojave,2.5,14,Shrub,2.48,2.14,1.63,24,3,,22,,,,,,,,,,,1,,,,,,,1,,,,,,,,,,,,
2015,Mojave,2.5,14,Open,,,,0,0,,,,,,,,,,,,,,,,,,,,,,,,,,,,,,,,
2015,Mojave,2.5,15,Shrub,2.22,2.36,1.66,14,4,3,9,1,,,,,,,,,,1,,,,,,,,,,,,,,,,,,,
2015,Mojave,2.5,15,Open,,,,0,0,,,,,,,,,,,,,,,,,,,,,,,,,,,,,,,,
2015,Mojave,2.4,1,Shrub,2.17,1.7,1.93,27,5,5,16,,,,,,2,,,,,,,,,,,,,,3,,,1,,,,,,,
2015,Mojave,2.4,1,Open,,,,0,0,,,,,,,,,,,,,,,,,,,,,,,,,,,,,,,,
2015,Mojave,2.4,2,Shrub,3.26,2.45,1.32,61,6,28,3,,,,,,,,,,,22,,,,,,,,4,2,,,2,,,,,,,
2015,Mojave,2.4,2,Open,,,,1,1,,,,,,,,,,,,,,,,,,,,,,,,,,,,,,,,1
2015,Mojave,2.4,3,Shrub,4.16,3.87,2.56,63,5,27,12,,,,,,,,,,,18,,,,3,,,,3,,,,,,,,,,,
2015,Mojave,2.4,3,Open,,,,33,5,2,,,,,,,,,,,,21,,,,,,,,1,,,,,6,,,,,,3
2015,Mojave,2.4,4,Shrub,2.3,2.03,1.13,43,5,35,,,,,,,,,,,,1,,,,3,,,,2,2,,,,,,,,,,
2015,Mojave,2.4,4,Open,,,,2,1,2,,,,,,,,,,,,,,,,,,,,,,,,,,,,,,,
2015,Mojave,2.4,5,Shrub,2.49,2.38,1.86,57,5,20,,,,,,,,,,,,15,,,,4,,,,9,9,,,,,,,,,,
2015,Mojave,2.4,5,Open,,,,24,3,1,,,,,,,,,,,,20,,,,,,,,,,,,,3,,,,,,
2015,Mojave,2.4,6,Shrub,4.03,4.35,1.96,103,3,60,,,,,,,,,,,,,,,,,,,,25,18,,,,,,,,,,
2015,Mojave,2.4,6,Open,,,,0,0,,,,,,,,,,,,,,,,,,,,,,,,,,,,,,,,
2015,Mojave,2.4,7,Shrub,1.87,2.05,1.88,42,6,,,,,,,,,,,,,2,,17,,,,,,1,13,,,1,,,,,,,8
2015,Mojave,2.4,7,Open,,,,27,1,,,,,,,,,,,,,,,,,,,,,,,,,,27,,,,,,
2015,Mojave,2.4,8,Shrub,4.92,3.54,2.22,65,4,45,,,,,,,,,,,,2,,,,,,,,4,14,,,,,,,,,,
2015,Mojave,2.4,8,Open,,,,2,2,1,,,,,,,,,,,,1,,,,,,,,,,,,,,,,,,,
2015,Mojave,2.4,9,Shrub,1.03,1,0.86,3,3,,1,,,,,,1,,,,,,,,,,,,,,,,,,1,,,,,,
2015,Mojave,2.4,9,Open,,,,1,1,,,,,,,,,,,,,1,,,,,,,,,,,,,,,,,,,
2015,Mojave,2.4,10,Shrub,3.78,5.17,2.97,51,4,37,1,,,,,,,,,,,,,,,1,,,,,12,,,,,,,,,,
2015,Mojave,2.4,10,Open,,,,22,5,6,1,,,,,,2,,,,,12,,,,,,,,,,,,,,1,,,,,
2015,Mojave,2.4,11,Shrub,2.97,2.38,1.72,59,4,30,,,,,,,,,,,,,,,,8,,,,7,14,,,,,,,,,,
2015,Mojave,2.4,11,Open,,,,4,3,,,,,,,,1,,,,,,,,,,,,,,,,,,2,1,,,,,
2015,Mojave,2.4,12,Shrub,2.11,1.59,1.02,52,5,44,,,,,,,3,,,,,1,,,,,,,,1,3,,,,,,,,,,
2015,Mojave,2.4,12,Open,,,,0,0,,,,,,,,,,,,,,,,,,,,,,,,,,,,,,,,
2015,Mojave,2.4,13,Shrub,2.72,2.15,1.61,33,4,10,,,,,,,,,,,,9,,,,8,,,,,6,,,,,,,,,,
2015,Mojave,2.4,13,Open,,,,11,4,,,,,,,,1,,,,,3,,,,1,,,,,,,,,6,,,,,,
2015,Mojave,2.4,14,Shrub,2.23,3.36,1.63,41,6,20,,,,,,,1,,,,,1,,,,2,,,,1,16,,,,,,,,,,
2015,Mojave,2.4,14,Open,,,,44,1,,,,,,,,,,,,,,,,,,,,,,,,,,44,,,,,,
2015,Mojave,2.4,15,Shrub,1.94,2.36,1.65,38,5,19,,,,,,,,,,,,,,,,5,,,,12,1,,,,,1,,,,,
2015,Mojave,2.4,15,Open,,,,25,5,15,,,,,,,,,,,,3,,,,3,,,,1,,,,,3,,,,,,
2015,Mojave,2.3,1,Shrub,1.69,1.57,1.63,5,2,,,,,,,,1,,,,,4,,,,,,,,,,,,,,,,,,,
2015,Mojave,2.3,1,Open,,,,0,0,,,,,,,,,,,,,,,,,,,,,,,,,,,,,,,,
2015,Mojave,2.3,2,Shrub,2.54,1.84,1.68,5,3,2,,,,,,,,,,,,2,,,,,1,,,,,,,,,,,,,,
2015,Mojave,2.3,2,Open,,,,0,0,,,,,,,,,,,,,,,,,,,,,,,,,,,,,,,,
2015,Mojave,2.3,3,Shrub,1.85,1.03,0.7,10,3,1,,,,,,2,,,,,,,,,,,,,7,,,,,,,,,,,,
2015,Mojave,2.3,3,Open,,,,0,0,,,,,,,,,,,,,,,,,,,,,,,,,,,,,,,,
2015,Mojave,2.3,4,Shrub,1.18,0.94,1.34,14,3,10,,,,,,,,,,,,,,,,1,,,3,,,,,,,,,,,,
2015,Mojave,2.3,4,Open,,,,1,1,,,,,,,1,,,,,,,,,,,,,,,,,,,,,,,,,
2015,Mojave,2.3,5,Shrub,0.69,0.56,0.57,0,0,,,,,,,,,,,,,,,,,,,,,,,,,,,,,,,,
2015,Mojave,2.3,5,Open,,,,0,0,,,,,,,,,,,,,,,,,,,,,,,,,,,,,,,,
2015,Mojave,2.3,6,Shrub,1.07,1.12,0.86,29,4,15,7,,,,,,,,,,,4,,,,3,,,,,,,,,,,,,,,
2015,Mojave,2.3,6,Open,,,,0,0,,,,,,,,,,,,,,,,,,,,,,,,,,,,,,,,
2015,Mojave,2.3,7,Shrub,0.74,0.42,0.51,28,4,20,,,,,,1,2,,,,,,,,,,,,5,,,,,,,,,,,,
2015,Mojave,2.3,7,Open,,,,8,4,4,,,,,,,,,,,,2,,,,1,1,,,,,,,,,,,,,,
2015,Mojave,2.3,8,Shrub,1.14,0.88,0.68,12,6,6,,,,,,1,,,,,,1,,,,1,,,,1,2,,,,,,,,,,
2015,Mojave,2.3,8,Open,,,,0,0,,,,,,,,,,,,,,,,,,,,,,,,,,,,,,,,
2015,Mojave,2.3,9,Shrub,3.25,2.82,2.04,12,3,6,,,,,,,,,,,,,,,,,,,4,,2,,,,,,,,,,
2015,Mojave,2.3,9,Open,,,,5,3,,,,,,,,,,,,,1,,,,,2,,,,,2,,,,,,,,,
2015,Mojave,2.3,10,Shrub,1.76,1.82,1.31,16,3,1,,,,,,2,,,,,,,,,,13,,,,,,,,,,,,,,,
2015,Mojave,2.3,10,Open,,,,0,0,,,,,,,,,,,,,,,,,,,,,,,,,,,,,,,,
2015,Mojave,2.3,11,Shrub,2.24,1.83,1.49,27,3,9,7,,,,,,,,,,,,,,,11,,,,,,,,,,,,,,,
2015,Mojave,2.3,11,Open,,,,8,3,5,,,,,,,,,,,,1,,,,,,,2,,,,,,,,,,,,
2015,Mojave,2.3,12,Shrub,0.79,0.87,0.76,7,2,6,,,,,,1,,,,,,,,,,,,,,,,,,,,,,,,,
2015,Mojave,2.3,12,Open,,,,0,0,,,,,,,,,,,,,,,,,,,,,,,,,,,,,,,,
2015,Mojave,2.3,13,Shrub,1.84,1.34,1.35,16,3,11,,,,,,,,,,,,4,,,,1,,,,,,,,,,,,,,,
2015,Mojave,2.3,13,Open,,,,2,2,,,,,,,,,,,,,,,,,,,,,,1,,1,,,,,,,,
2015,Mojave,2.3,14,Shrub,2.83,2.51,1.98,15,3,11,,,,,,,,,,,,2,,,,2,,,,,,,,,,,,,,,
2015,Mojave,2.3,14,Open,,,,3,2,,,,,,,,,,,,,,,,,,,,2,,,1,,,,,,,,,
2015,Mojave,2.3,15,Shrub,4.35,3.96,1.89,104,2,99,,,,,,,,,,,,,,,,,,,,,5,,,,,,,,,,
2015,Mojave,2.3,15,Open,,,,35,3,25,,,,,,,6,,,,,,,,,,,,,,,4,,,,,,,,,
2015,Mojave,2.2,1,Shrub,1.26,1.28,0.74,8,1,8,,,,,,,,,,,,,,,,,,,,,,,,,,,,,,,
2015,Mojave,2.2,1,Open,,,,13,3,11,,,,,,1,1,,,,,,,,,,,,,,,,,,,,,,,,
2015,Mojave,2.2,2,Shrub,1.87,1.66,0.89,13,1,13,,,,,,,,,,,,,,,,,,,,,,,,,,,,,,,
2015,Mojave,2.2,2,Open,,,,2,2,1,,,,,,1,,,,,,,,,,,,,,,,,,,,,,,,,
2015,Mojave,2.2,3,Shrub,0.85,0.73,1.09,15,2,14,,,,,,,,,,,,1,,,,,,,,,,,,,,,,,,,
2015,Mojave,2.2,3,Open,,,,4,2,,,,,,,2,2,,,,,,,,,,,,,,,,,,,,,,,,
2015,Mojave,2.2,4,Shrub,2.08,2.72,1.47,19,2,17,,,,,,,2,,,,,,,,,,,,,,,,,,,,,,,,
2015,Mojave,2.2,4,Open,,,,4,2,3,,,,,,1,,,,,,,,,,,,,,,,,,,,,,,,,
2015,Mojave,2.2,5,Shrub,1.92,2.07,1.46,11,1,11,,,,,,,,,,,,,,,,,,,,,,,,,,,,,,,
2015,Mojave,2.2,5,Open,,,,1,1,,,,,,,,1,,,,,,,,,,,,,,,,,,,,,,,,
2015,Mojave,2.2,6,Shrub,2.44,1.05,0.94,15,2,12,,,,,,,3,,,,,,,,,,,,,,,,,,,,,,,,
2015,Mojave,2.2,6,Open,,,,0,0,,,,,,,,,,,,,,,,,,,,,,,,,,,,,,,,
2015,Mojave,2.2,7,Shrub,1.33,1.26,1.27,11,3,9,,,,,,1,,,,,,1,,,,,,,,,,,,,,,,,,,
2015,Mojave,2.2,7,Open,,,,0,0,,,,,,,,,,,,,,,,,,,,,,,,,,,,,,,,
2015,Mojave,2.2,8,Shrub,1.39,1.46,0.88,20,2,17,,,,,,,,,,,,3,,,,,,,,,,,,,,,,,,,
2015,Mojave,2.2,8,Open,,,,8,2,7,,,,,,,1,,,,,,,,,,,,,,,,,,,,,,,,
2015,Mojave,2.2,9,Shrub,1.14,1.18,0.68,8,1,8,,,,,,,,,,,,,,,,,,,,,,,,,,,,,,,
2015,Mojave,2.2,9,Open,,,,17,2,,,,,,,1,16,,,,,,,,,,,,,,,,,,,,,,,,
2015,Mojave,2.2,10,Shrub,1.28,1.22,0.88,24,3,16,,,,,,1,7,,,,,,,,,,,,,,,,,,,,,,,,
2015,Mojave,2.2,10,Open,,,,0,0,,,,,,,,,,,,,,,,,,,,,,,,,,,,,,,,
2015,Mojave,2.2,11,Shrub,1.45,1.75,1.05,10,2,7,,,,,,,3,,,,,,,,,,,,,,,,,,,,,,,,
2015,Mojave,2.2,11,Open,,,,9,3,,,,,,,1,4,,,,,4,,,,,,,,,,,,,,,,,,,
2015,Mojave,2.2,12,Shrub,1.72,1.19,1.08,21,3,18,,,,,,1,2,,,,,,,,,,,,,,,,,,,,,,,,
2015,Mojave,2.2,12,Open,,,,9,3,1,,,,,,,4,,,,,4,,,,,,,,,,,,,,,,,,,
2015,Mojave,2.2,13,Shrub,1.81,1.37,1.06,21,3,17,,,,,,3,1,,,,,,,,,,,,,,,,,,,,,,,,
2015,Mojave,2.2,13,Open,,,,6,1,,,,,,,6,,,,,,,,,,,,,,,,,,,,,,,,,
2015,Mojave,2.2,14,Shrub,1.36,1.1,1.34,13,2,10,,,,,,,3,,,,,,,,,,,,,,,,,,,,,,,,
2015,Mojave,2.2,14,Open,,,,6,2,,,,,,,2,4,,,,,,,,,,,,,,,,,,,,,,,,
2015,Mojave,2.2,15,Shrub,1.64,1.73,1.03,25,2,23,,,,,,,2,,,,,,,,,,,,,,,,,,,,,,,,
2015,Mojave,2.2,15,Open,,,,16,3,3,,,,,,,10,,,,,3,,,,,,,,,,,,,,,,,,,
2015,Mojave,2.1,1,Shrub,2.35,1.93,1.38,5,2,,,,,,,4,,,,,,1,,,,,,,,,,,,,,,,,,,
2015,Mojave,2.1,1,Open,,,,5,2,1,,,,,,4,,,,,,,,,,,,,,,,,,,,,,,,,
2015,Mojave,2.1,2,Shrub,2.91,2.76,2.07,0,0,,,,,,,,,,,,,,,,,,,,,,,,,,,,,,,,
2015,Mojave,2.1,2,Open,,,,13,4,5,,,,,,3,,,,,,4,,,,1,,,,,,,,,,,,,,,
2015,Mojave,2.1,3,Shrub,2.02,1.74,1.35,20,1,,,,,,,20,,,,,,,,,,,,,,,,,,,,,,,,,
2015,Mojave,2.1,3,Open,,,,22,2,,,,,,,18,,,,,,4,,,,,,,,,,,,,,,,,,,
2015,Mojave,2.1,4,Shrub,1.25,1.05,0.84,8,3,1,,,,,,4,,,,,,3,,,,,,,,,,,,,,,,,,,
2015,Mojave,2.1,4,Open,,,,16,4,1,,,,,,13,1,,,,,1,,,,,,,,,,,,,,,,,,,
2015,Mojave,2.1,5,Shrub,1.27,1.48,1.22,8,2,2,,,,,,6,,,,,,,,,,,,,,,,,,,,,,,,,
2015,Mojave,2.1,5,Open,,,,12,3,1,,,,,,9,,,,,,2,,,,,,,,,,,,,,,,,,,
2015,Mojave,2.1,6,Shrub,1.46,1.28,0.98,3,2,2,,,,,,1,,,,,,,,,,,,,,,,,,,,,,,,,
2015,Mojave,2.1,6,Open,,,,3,1,,,,,,,3,,,,,,,,,,,,,,,,,,,,,,,,,
2015,Mojave,2.1,7,Shrub,1.12,1.19,0.88,39,2,3,,,,,,36,,,,,,,,,,,,,,,,,,,,,,,,,
2015,Mojave,2.1,7,Open,,,,6,2,2,,,,,,4,,,,,,,,,,,,,,,,,,,,,,,,,
2015,Mojave,2.1,8,Shrub,1.63,1.88,1.06,32,2,2,,,,,,30,,,,,,,,,,,,,,,,,,,,,,,,,
2015,Mojave,2.1,8,Open,,,,18,2,2,,,,,,16,,,,,,,,,,,,,,,,,,,,,,,,,
2015,Mojave,2.1,9,Shrub,1.48,1.41,0.92,7,3,1,,,,,,4,,,,,,2,,,,,,,,,,,,,,,,,,,
2015,Mojave,2.1,9,Open,,,,5,2,2,,,,,,3,,,,,,,,,,,,,,,,,,,,,,,,,
2015,Mojave,2.1,10,Shrub,2.34,2.36,1.45,10,2,,,,,,,3,7,,,,,,,,,,,,,,,,,,,,,,,,
2015,Mojave,2.1,10,Open,,,,2,1,,,,,,,2,,,,,,,,,,,,,,,,,,,,,,,,,
2015,Mojave,2.1,11,Shrub,1.01,0.68,0.91,7,3,2,,,,,,3,2,,,,,,,,,,,,,,,,,,,,,,,,
2015,Mojave,2.1,11,Open,,,,0,0,,,,,,,,,,,,,,,,,,,,,,,,,,,,,,,,
2015,Mojave,2.1,12,Shrub,0.73,0.93,1.28,9,2,,,,,,,5,,,,,,4,,,,,,,,,,,,,,,,,,,
2015,Mojave,2.1,12,Open,,,,5,2,,,,,,,4,,,,,,1,,,,,,,,,,,,,,,,,,,
2015,Mojave,2.1,13,Shrub,0.44,0.63,0.62,2,1,,,,,,,2,,,,,,,,,,,,,,,,,,,,,,,,,
2015,Mojave,2.1,13,Open,,,,6,3,1,,,,,,4,,,,,,1,,,,,,,,,,,,,,,,,,,
2015,Mojave,2.1,14,Shrub,3.14,2.34,1.66,0,0,,,,,,,,,,,,,,,,,,,,,,,,,,,,,,,,
2015,Mojave,2.1,14,Open,,,,4,2,,,,,,,2,,,,,,2,,,,,,,,,,,,,,,,,,,
2015,Mojave,2.1,15,Shrub,0.44,0.39,0.48,8,2,,,,,,,6,,,,,,2,,,,,,,,,,,,,,,,,,,
2015,Mojave,2.1,15,Open,,,,3,2,,,,,,,2,,,,,,1,,,,,,,,,,,,,,,,,,,
2015,Panoche,1.3,1,Shrub,4.11,3.28,1.95,247,2,,245,,,2,,,,,,,,,,,,,,,,,,,,,,,,,,,
2015,Panoche,1.3,1,Open,,,,256,3,,145,110,,,1,,,,,,,,,,,,,,,,,,,,,,,,,,
2015,Panoche,1.3,2,Shrub,2.9,3.17,1.51,141,2,,135,,,6,,,,,,,,,,,,,,,,,,,,,,,,,,,
2015,Panoche,1.3,2,Open,,,,170,3,,115,35,,20,,,,,,,,,,,,,,,,,,,,,,,,,,,
2015,Panoche,1.3,3,Shrub,3.22,2.38,1.84,263,2,,260,,,3,,,,,,,,,,,,,,,,,,,,,,,,,,,
2015,Panoche,1.3,3,Open,,,,126,4,,70,50,4,2,,,,,,,,,,,,,,,,,,,,,,,,,,,
2015,Panoche,1.3,4,Shrub,1.65,1.77,1.37,126,3,,115,,8,3,,,,,,,,,,,,,,,,,,,,,,,,,,,
2015,Panoche,1.3,4,Open,,,,175,1,,175,,,,,,,,,,,,,,,,,,,,,,,,,,,,,,
2015,Panoche,1.3,5,Shrub,3.34,2.35,1.48,182,2,,180,,,2,,,,,,,,,,,,,,,,,,,,,,,,,,,
2015,Panoche,1.3,5,Open,,,,136,2,,88,48,,,,,,,,,,,,,,,,,,,,,,,,,,,,,
2015,Panoche,1.3,6,Shrub,3.02,3.23,1.74,257,3,,190,64,,3,,,,,,,,,,,,,,,,,,,,,,,,,,,
2015,Panoche,1.3,6,Open,,,,96,1,,96,,,,,,,,,,,,,,,,,,,,,,,,,,,,,,
2015,Panoche,1.3,7,Shrub,3.99,4.08,1.6,204,1,,204,,,,,,,,,,,,,,,,,,,,,,,,,,,,,,
2015,Panoche,1.3,7,Open,,,,152,2,,110,42,,,,,,,,,,,,,,,,,,,,,,,,,,,,,
2015,Panoche,1.3,8,Shrub,2.42,2.47,1.4,184,2,,180,4,,,,,,,,,,,,,,,,,,,,,,,,,,,,,
2015,Panoche,1.3,8,Open,,,,175,3,,90,84,,1,,,,,,,,,,,,,,,,,,,,,,,,,,,
2015,Panoche,1.3,9,Shrub,3.41,3.17,1.55,142,1,,142,,,,,,,,,,,,,,,,,,,,,,,,,,,,,,
2015,Panoche,1.3,9,Open,,,,170,4,,90,72,5,3,,,,,,,,,,,,,,,,,,,,,,,,,,,
2015,Panoche,1.3,10,Shrub,3.43,2.73,1.83,155,1,,155,,,,,,,,,,,,,,,,,,,,,,,,,,,,,,
2015,Panoche,1.3,10,Open,,,,156,2,,112,44,,,,,,,,,,,,,,,,,,,,,,,,,,,,,
2015,Panoche,1.3,11,Shrub,4.21,4.39,1.71,208,1,,208,,,,,,,,,,,,,,,,,,,,,,,,,,,,,,
2015,Panoche,1.3,11,Open,,,,188,2,,172,16,,,,,,,,,,,,,,,,,,,,,,,,,,,,,
2015,Panoche,1.3,12,Shrub,5.76,5.43,2.16,213,2,,212,,,1,,,,,,,,,,,,,,,,,,,,,,,,,,,
2015,Panoche,1.3,12,Open,,,,208,2,,144,64,,,,,,,,,,,,,,,,,,,,,,,,,,,,,
2015,Panoche,1.3,13,Shrub,2.07,3.2,0.76,78,3,,66,5,,7,,,,,,,,,,,,,,,,,,,,,,,,,,,
2015,Panoche,1.3,13,Open,,,,113,3,,62,48,,,3,,,,,,,,,,,,,,,,,,,,,,,,,,
2015,Panoche,1.3,14,Shrub,2.55,2.27,0.98,193,2,,190,,3,,,,,,,,,,,,,,,,,,,,,,,,,,,,
2015,Panoche,1.3,14,Open,,,,222,2,,170,52,,,,,,,,,,,,,,,,,,,,,,,,,,,,,
2015,Panoche,1.3,15,Shrub,1.65,1.16,0.62,127,4,,104,14,6,,3,,,,,,,,,,,,,,,,,,,,,,,,,,
2015,Panoche,1.3,15,Open,,,,147,3,,60,74,,,13,,,,,,,,,,,,,,,,,,,,,,,,,,
2015,Panoche,1.2,1,Shrub,2.38,3.28,1.25,31,3,,20,8,,,3,,,,,,,,,,,,,,,,,,,,,,,,,,
2015,Panoche,1.2,1,Open,,,,71,4,60,3,6,,,2,,,,,,,,,,,,,,,,,,,,,,,,,,
2015,Panoche,1.2,2,Shrub,2.76,2.7,1.26,160,3,66,72,22,,,,,,,,,,,,,,,,,,,,,,,,,,,,,
2015,Panoche,1.2,2,Open,,,,87,4,74,2,9,,,2,,,,,,,,,,,,,,,,,,,,,,,,,,
2015,Panoche,1.2,3,Shrub,2.44,1.98,1.02,132,4,15,92,22,,,3,,,,,,,,,,,,,,,,,,,,,,,,,,
2015,Panoche,1.2,3,Open,,,,76,4,60,7,6,,,3,,,,,,,,,,,,,,,,,,,,,,,,,,
2015,Panoche,1.2,4,Shrub,2.59,2.76,1.43,121,3,110,8,,,,3,,,,,,,,,,,,,,,,,,,,,,,,,,
2015,Panoche,1.2,4,Open,,,,100,4,70,6,19,,,5,,,,,,,,,,,,,,,,,,,,,,,,,,
2015,Panoche,1.2,5,Shrub,2.7,3.2,1.14,104,4,40,52,8,,,4,,,,,,,,,,,,,,,,,,,,,,,,,,
2015,Panoche,1.2,5,Open,,,,71,4,44,8,12,,,7,,,,,,,,,,,,,,,,,,,,,,,,,,
2015,Panoche,1.2,6,Shrub,2.74,3,1.1,90,3,30,56,4,,,,,,,,,,,,,,,,,,,,,,,,,,,,,
2015,Panoche,1.2,6,Open,,,,38,4,10,1,15,,,12,,,,,,,,,,,,,,,,,,,,,,,,,,
2015,Panoche,1.2,7,Shrub,1.39,1.4,0.82,114,4,30,70,10,,,4,,,,,,,,,,,,,,,,,,,,,,,,,,
2015,Panoche,1.2,7,Open,,,,61,4,28,2,18,,,13,,,,,,,,,,,,,,,,,,,,,,,,,,
2015,Panoche,1.2,8,Shrub,2.01,1.94,1.16,140,3,96,38,6,,,,,,,,,,,,,,,,,,,,,,,,,,,,,
2015,Panoche,1.2,8,Open,,,,72,4,34,17,20,,,1,,,,,,,,,,,,,,,,,,,,,,,,,,
2015,Panoche,1.2,9,Shrub,1.86,2,1.34,85,4,15,64,3,,,3,,,,,,,,,,,,,,,,,,,,,,,,,,
2015,Panoche,1.2,9,Open,,,,38,3,26,,10,,,2,,,,,,,,,,,,,,,,,,,,,,,,,,
2015,Panoche,1.2,10,Shrub,2.04,1.97,0.98,100,4,44,12,42,,,2,,,,,,,,,,,,,,,,,,,,,,,,,,
2015,Panoche,1.2,10,Open,,,,59,4,30,9,12,,,8,,,,,,,,,,,,,,,,,,,,,,,,,,
2015,Panoche,1.2,11,Shrub,2.39,2.8,1.04,122,3,10,110,2,,,,,,,,,,,,,,,,,,,,,,,,,,,,,
2015,Panoche,1.2,11,Open,,,,38,3,24,5,,,,9,,,,,,,,,,,,,,,,,,,,,,,,,,
2015,Panoche,1.2,12,Shrub,1.33,2.33,0.94,65,3,6,58,,,,1,,,,,,,,,,,,,,,,,,,,,,,,,,
2015,Panoche,1.2,12,Open,,,,108,4,62,2,25,,,19,,,,,,,,,,,,,,,,,,,,,,,,,,
2015,Panoche,1.2,13,Shrub,2.41,2.33,0.64,117,4,3,110,3,,,1,,,,,,,,,,,,,,,,,,,,,,,,,,
2015,Panoche,1.2,13,Open,,,,53,4,22,4,11,,,16,,,,,,,,,,,,,,,,,,,,,,,,,,
2015,Panoche,1.2,14,Shrub,2.64,2.85,1.34,186,2,,184,2,,,,,,,,,,,,,,,,,,,,,,,,,,,,,
2015,Panoche,1.2,14,Open,,,,46,4,23,7,9,,,7,,,,,,,,,,,,,,,,,,,,,,,,,,
2015,Panoche,1.2,15,Shrub,2.68,2.33,1.16,136,4,15,112,6,,,3,,,,,,,,,,,,,,,,,,,,,,,,,,
2015,Panoche,1.2,15,Open,,,,49,4,32,1,9,,,7,,,,,,,,,,,,,,,,,,,,,,,,,,
2015,Panoche,1.1,1,Shrub,2.1,2.1,1.2,234,1,,234,,,,,,,,,,,,,,,,,,,,,,,,,,,,,,
2015,Panoche,1.1,1,Open,,,,260,3,88,128,44,,,,,,,,,,,,,,,,,,,,,,,,,,,,,
2015,Panoche,1.1,2,Shrub,1.9,1.7,1.3,150,2,,142,8,,,,,,,,,,,,,,,,,,,,,,,,,,,,,
2015,Panoche,1.1,2,Open,,,,224,3,72,134,18,,,,,,,,,,,,,,,,,,,,,,,,,,,,,
2015,Panoche,1.1,3,Shrub,2.23,2.4,1.12,166,1,,166,,,,,,,,,,,,,,,,,,,,,,,,,,,,,,
2015,Panoche,1.1,3,Open,,,,142,3,34,96,12,,,,,,,,,,,,,,,,,,,,,,,,,,,,,
2015,Panoche,1.1,4,Shrub,2.63,2.9,1.07,212,1,,212,,,,,,,,,,,,,,,,,,,,,,,,,,,,,,
2015,Panoche,1.1,4,Open,,,,164,3,82,48,34,,,,,,,,,,,,,,,,,,,,,,,,,,,,,
2015,Panoche,1.1,5,Shrub,0.96,1.07,0.81,250,3,84,160,6,,,,,,,,,,,,,,,,,,,,,,,,,,,,,
2015,Panoche,1.1,5,Open,,,,206,3,96,50,60,,,,,,,,,,,,,,,,,,,,,,,,,,,,,
2015,Panoche,1.1,6,Shrub,3.25,2.2,1.3,248,1,,248,,,,,,,,,,,,,,,,,,,,,,,,,,,,,,
2015,Panoche,1.1,6,Open,,,,260,3,88,120,52,,,,,,,,,,,,,,,,,,,,,,,,,,,,,
2015,Panoche,1.1,7,Shrub,3.05,2.5,0.9,342,3,118,144,80,,,,,,,,,,,,,,,,,,,,,,,,,,,,,
2015,Panoche,1.1,7,Open,,,,284,4,68,128,80,8,,,,,,,,,,,,,,,,,,,,,,,,,,,,
2015,Panoche,1.1,8,Shrub,2.95,1.6,1.1,216,2,,208,8,,,,,,,,,,,,,,,,,,,,,,,,,,,,,
2015,Panoche,1.1,8,Open,,,,182,3,68,32,82,,,,,,,,,,,,,,,,,,,,,,,,,,,,,
2015,Panoche,1.1,9,Shrub,2.45,2.3,1.15,210,2,,190,20,,,,,,,,,,,,,,,,,,,,,,,,,,,,,
2015,Panoche,1.1,9,Open,,,,274,3,120,88,66,,,,,,,,,,,,,,,,,,,,,,,,,,,,,
2015,Panoche,1.1,10,Shrub,2.3,2.5,1.3,166,1,,166,,,,,,,,,,,,,,,,,,,,,,,,,,,,,,
2015,Panoche,1.1,10,Open,,,,122,3,56,42,24,,,,,,,,,,,,,,,,,,,,,,,,,,,,,
2015,Panoche,1.1,11,Shrub,1.6,1.45,1.3,284,2,,200,84,,,,,,,,,,,,,,,,,,,,,,,,,,,,,
2015,Panoche,1.1,11,Open,,,,271,3,40,100,131,,,,,,,,,,,,,,,,,,,,,,,,,,,,,
2015,Panoche,1.1,12,Shrub,1.8,1.4,0.9,220,1,,220,,,,,,,,,,,,,,,,,,,,,,,,,,,,,,
2015,Panoche,1.1,12,Open,,,,222,3,122,88,12,,,,,,,,,,,,,,,,,,,,,,,,,,,,,
2015,Panoche,1.1,13,Shrub,1.9,2,1.05,172,2,,124,48,,,,,,,,,,,,,,,,,,,,,,,,,,,,,
2015,Panoche,1.1,13,Open,,,,290,3,134,96,60,,,,,,,,,,,,,,,,,,,,,,,,,,,,,
2015,Panoche,1.1,14,Shrub,1.85,2.05,1.1,194,1,,194,,,,,,,,,,,,,,,,,,,,,,,,,,,,,,
2015,Panoche,1.1,14,Open,,,,210,3,80,86,44,,,,,,,,,,,,,,,,,,,,,,,,,,,,,
2015,Panoche,1.1,15,Shrub,2.8,2.75,1.2,228,1,,228,,,,,,,,,,,,,,,,,,,,,,,,,,,,,,
2015,Panoche,1.1,15,Open,,,,175,3,69,62,44,,,,,,,,,,,,,,,,,,,,,,,,,,,,,
